Hotel_Name_City,Review_Overall_Rating,date_of_review,Month_of_Visit,Review_Type,Rating_Value,Rating_Location,Rating_Sleep_Quality,Rating_Rooms,Rating_Cleanliness,Rating_Service
Bombay Hotel Jaipur,3,8/26/2014,Aug-14,with family,3,4,NA,NA,NA,3
Bombay Hotel Jaipur,1,06-02-2013,Jun-13,NA,1,2,NA,1,1,3
Coffea Aroma Resort - Wayanad Meppadi,2,10/20/2014,Oct-14,with friends,2,NA,NA,2,NA,1
Coffea Aroma Resort - Wayanad Meppadi,3,9/29/2014,Sep-14,with friends,NA,4,NA,NA,3,3
Coffea Aroma Resort - Wayanad Meppadi,3,09-03-2014,Jul-14,as a couple,NA,NA,3,2,NA,5
Coffea Aroma Resort - Wayanad Meppadi,2,08-03-2014,Jul-14,with family,2,3,NA,NA,NA,2
Coffea Aroma Resort - Wayanad Meppadi,3,7/22/2014,Jul-14,as a couple,NA,NA,NA,NA,NA,NA
Coffea Aroma Resort - Wayanad Meppadi,4,06-06-2014,Jun-14,with family,4,5,5,3,3,3
Coffea Aroma Resort - Wayanad Meppadi,5,05-05-2014,May-14,as a couple,5,5,5,4,4,5
Coffea Aroma Resort - Wayanad Meppadi,4,4/30/2014,Apr-14,with family,4,4,3,3,3,5
Coffea Aroma Resort - Wayanad Meppadi,4,4/21/2014,Apr-14,as a couple,4,5,4,4,5,5
Coffea Aroma Resort - Wayanad Meppadi,5,3/18/2014,Mar-14,as a couple,5,5,5,5,5,5
Coffea Aroma Resort - Wayanad Meppadi,4,3/15/2014,Feb-14,with friends,5,3,3,4,4,5
Coffea Aroma Resort - Wayanad Meppadi,4,03-05-2014,Apr-13,with family,5,5,3,3,3,4
Coffea Aroma Resort - Wayanad Meppadi,4,02-02-2014,Jan-14,with friends,4,4,3,3,4,4
Coffea Aroma Resort - Wayanad Meppadi,4,02-01-2014,Jan-14,as a couple,5,5,4,4,4,4
Coffea Aroma Resort - Wayanad Meppadi,4,01-08-2014,Dec-13,with family,3,4,4,4,3,4
Coffea Aroma Resort - Wayanad Meppadi,5,01-06-2014,Dec-13,with family,5,5,5,4,5,4
Coffea Aroma Resort - Wayanad Meppadi,1,01-06-2014,Jan-14,with family,1,3,1,1,1,1
Coffea Aroma Resort - Wayanad Meppadi,5,12/30/2013,Dec-13,as a couple,5,5,5,5,5,5
Coffea Aroma Resort - Wayanad Meppadi,4,11/27/2013,Nov-13,as a couple,5,4,5,4,4,5
Coffea Aroma Resort - Wayanad Meppadi,3,11-11-2013,Nov-13,with family,4,5,4,3,3,4
Coffea Aroma Resort - Wayanad Meppadi,5,09-06-2013,Mar-13,with friends,5,5,5,5,5,5
Coffea Aroma Resort - Wayanad Meppadi,4,06-02-2013,Apr-13,with family,3,4,4,3,3,4
Coffea Aroma Resort - Wayanad Meppadi,4,05-07-2013,May-13,with family,4,5,4,3,4,4
Coffea Aroma Resort - Wayanad Meppadi,4,4/17/2013,Apr-13,with family,4,4,4,4,4,4
Coffea Aroma Resort - Wayanad Meppadi,5,04-12-2013,Apr-13,with family,5,5,5,5,5,5
Coffea Aroma Resort - Wayanad Meppadi,5,03-10-2013,Jan-13,with family,5,5,5,5,5,5
Coffea Aroma Resort - Wayanad Meppadi,4,03-08-2013,Mar-13,NA,5,4,NA,5,5,5
Coffea Aroma Resort - Wayanad Meppadi,3,2/26/2013,Jan-13,with family,4,5,3,2,2,3
Coffea Aroma Resort - Wayanad Meppadi,5,1/23/2013,Dec-12,with friends,5,5,5,5,4,5
Coffea Aroma Resort - Wayanad Meppadi,4,1/21/2013,Dec-12,with family,4,5,5,4,4,4
Coffea Aroma Resort - Wayanad Meppadi,4,1/20/2013,Feb-12,with friends,4,5,3,4,3,3
Coffea Aroma Resort - Wayanad Meppadi,5,1/19/2013,Jan-13,with family,5,5,4,5,4,4
Coffea Aroma Resort - Wayanad Meppadi,5,1/16/2013,Dec-12,with friends,5,5,5,5,5,4
Coffea Aroma Resort - Wayanad Meppadi,5,1/14/2013,Dec-12,with friends,5,5,4,5,4,4
Coffea Aroma Resort - Wayanad Meppadi,2,01-09-2013,Dec-12,as a couple,2,3,2,2,2,3
Coffea Aroma Resort - Wayanad Meppadi,4,01-04-2013,Dec-12,with family,3,4,3,3,4,5
Coffea Aroma Resort - Wayanad Meppadi,4,12/27/2012,Dec-12,as a couple,4,4,4,4,4,4
Coffea Aroma Resort - Wayanad Meppadi,4,12/21/2012,May-12,with friends,4,5,4,4,4,5
Coffea Aroma Resort - Wayanad Meppadi,5,11/29/2012,Nov-12,as a couple,5,4,5,5,5,5
Coffea Aroma Resort - Wayanad Meppadi,5,11/27/2012,Jun-12,with friends,4,4,3,4,4,4
Coffea Aroma Resort - Wayanad Meppadi,5,11/27/2012,Aug-12,with family,5,5,4,5,5,5
Coffea Aroma Resort - Wayanad Meppadi,5,11/26/2012,Nov-12,as a couple,NA,NA,NA,NA,NA,NA
Coffea Aroma Resort - Wayanad Meppadi,5,11/17/2012,May-12,with friends,4,5,4,4,4,4
Coffea Aroma Resort - Wayanad Meppadi,5,11/14/2012,Nov-12,with family,4,5,3,3,3,5
Coffea Aroma Resort - Wayanad Meppadi,5,11-04-2012,Aug-12,with family,5,5,5,5,5,5
Coffea Aroma Resort - Wayanad Meppadi,5,11-01-2012,Dec-11,with friends,5,5,5,5,5,5
Coffea Aroma Resort - Wayanad Meppadi,5,10/26/2012,Jun-12,with friends,5,4,5,3,4,4
Coffea Aroma Resort - Wayanad Meppadi,4,10-12-2012,Oct-12,with family,4,4,4,4,4,4
Coffea Aroma Resort - Wayanad Meppadi,4,09-12-2012,Aug-12,as a couple,4,4,4,4,4,4
Coffea Aroma Resort - Wayanad Meppadi,4,09-07-2012,Aug-12,as a couple,4,5,5,4,4,4
Coffea Aroma Resort - Wayanad Meppadi,4,04-01-2012,Dec-11,as a couple,4,5,5,4,4,4
Coffea Aroma Resort - Wayanad Meppadi,4,1/29/2012,Sep-11,as a couple,4,3,3,3,3,4
Coffea Aroma Resort - Wayanad Meppadi,5,6/20/2011,Apr-11,with friends,5,NA,5,NA,5,5
Coffea Aroma Resort - Wayanad Meppadi,4,06-07-2011,Jun-11,with family,4,NA,4,NA,4,4
Costa Malabari Kannur,4,10-08-2014,Oct-14,with family,5,4,NA,NA,NA,4
Costa Malabari Kannur,5,8/18/2014,Aug-14,as a couple,NA,5,NA,5,NA,5
Costa Malabari Kannur,4,08-06-2014,Nov-13,as a couple,NA,NA,5,NA,5,5
Costa Malabari Kannur,4,08-06-2014,Jun-14,solo,5,NA,NA,NA,5,5
Costa Malabari Kannur,5,7/24/2014,Apr-14,solo,NA,NA,5,4,NA,5
Costa Malabari Kannur,4,5/19/2014,Feb-14,with friends,4,3,4,4,4,5
Costa Malabari Kannur,4,5/13/2014,Feb-14,with friends,4,4,4,4,4,5
Costa Malabari Kannur,3,4/20/2014,Apr-14,as a couple,4,4,3,3,3,5
Costa Malabari Kannur,5,04-10-2014,Mar-14,as a couple,5,5,5,4,4,5
Costa Malabari Kannur,4,03-07-2014,Feb-14,as a couple,4,5,5,5,5,3
Costa Malabari Kannur,5,2/23/2014,Feb-14,with friends,5,5,5,5,5,5
Costa Malabari Kannur,5,2/20/2014,Feb-14,NA,5,5,NA,5,5,5
Costa Malabari Kannur,4,02-08-2014,Jan-14,as a couple,5,5,4,3,3,4
Costa Malabari Kannur,5,02-03-2014,Jan-14,as a couple,NA,NA,NA,NA,NA,NA
Costa Malabari Kannur,4,1/26/2014,Nov-13,solo,5,4,5,3,4,5
Costa Malabari Kannur,5,1/25/2014,Jan-14,solo,5,4,5,4,5,5
Costa Malabari Kannur,3,1/25/2014,Jan-14,with friends,3,3,3,2,3,4
Costa Malabari Kannur,5,11-06-2013,Dec-12,with friends,5,5,5,5,5,5
Costa Malabari Kannur,5,8/26/2013,Aug-13,with friends,4,5,4,4,4,4
Costa Malabari Kannur,5,08-11-2013,Dec-12,with family,3,3,4,4,5,5
Costa Malabari Kannur,5,05-04-2013,Mar-13,as a couple,5,5,5,5,5,5
Costa Malabari Kannur,5,4/13/2013,Apr-13,solo,4,5,5,4,5,5
Costa Malabari Kannur,5,04-04-2013,Mar-13,NA,5,4,NA,5,5,5
Costa Malabari Kannur,5,3/13/2013,Feb-13,as a couple,5,5,5,5,5,5
Costa Malabari Kannur,5,03-10-2013,Feb-13,with friends,3,5,5,4,5,4
Costa Malabari Kannur,5,03-06-2013,Jan-13,as a couple,5,5,4,4,5,5
Costa Malabari Kannur,1,2/25/2013,Feb-13,solo,1,1,1,1,1,1
Costa Malabari Kannur,5,2/17/2013,Feb-13,as a couple,5,5,5,5,5,5
Costa Malabari Kannur,5,02-10-2013,Nov-12,solo,NA,NA,NA,NA,NA,NA
Costa Malabari Kannur,5,02-01-2013,Jan-13,as a couple,4,5,5,4,4,5
Costa Malabari Kannur,4,1/23/2013,Jan-13,as a couple,3,5,5,4,5,5
Costa Malabari Kannur,5,1/20/2013,Jan-13,solo,5,5,5,5,5,5
Costa Malabari Kannur,5,1/19/2013,Dec-12,as a couple,4,4,5,5,5,5
Costa Malabari Kannur,4,01-05-2013,Dec-12,as a couple,4,4,5,3,4,4
Costa Malabari Kannur,5,11/30/2012,Nov-12,as a couple,5,5,5,5,3,5
Costa Malabari Kannur,5,11/28/2012,Nov-12,as a couple,4,5,5,4,5,5
Costa Malabari Kannur,4,11/19/2012,Oct-12,solo,4,4,4,3,4,4
Costa Malabari Kannur,5,05-10-2012,Apr-12,as a couple,5,5,5,4,5,5
Costa Malabari Kannur,3,4/28/2012,Apr-12,as a couple,3,3,3,3,3,3
Costa Malabari Kannur,5,2/27/2012,Feb-12,with friends,5,5,5,5,5,5
Costa Malabari Kannur,4,2/26/2012,Feb-12,with friends,3,5,4,4,4,4
Costa Malabari Kannur,5,2/21/2012,Feb-12,as a couple,4,5,5,4,5,5
Costa Malabari Kannur,5,2/14/2012,Feb-12,as a couple,5,5,4,3,4,5
Costa Malabari Kannur,4,02-11-2012,Jan-12,as a couple,4,4,4,4,4,4
Costa Malabari Kannur,4,02-07-2012,Jan-12,with friends,4,5,4,NA,4,5
Costa Malabari Kannur,5,02-06-2012,Feb-12,with friends,5,4,5,5,5,5
Costa Malabari Kannur,3,02-05-2012,Jan-12,as a couple,3,3,3,3,4,4
Costa Malabari Kannur,2,1/29/2012,Jan-12,with family,2,5,3,2,2,2
Costa Malabari Kannur,2,1/29/2012,Jan-12,with family,2,4,2,2,2,1
Costa Malabari Kannur,5,1/18/2012,Jan-12,with family,5,4,4,4,5,5
Costa Malabari Kannur,5,12/21/2011,Oct-11,as a couple,5,5,5,5,5,5
Costa Malabari Kannur,4,12-12-2011,Dec-11,with friends,4,4,4,4,4,4
Costa Malabari Kannur,3,10/20/2011,Aug-11,with family,4,4,3,2,3,5
Costa Malabari Kannur,5,8/30/2011,Jul-11,with friends,5,NA,4,NA,5,5
Costa Malabari Kannur,4,8/19/2011,Jul-11,solo,NA,NA,NA,NA,NA,NA
Costa Malabari Kannur,5,4/24/2011,Apr-11,NA,4,5,NA,5,5,5
Costa Malabari Kannur,5,2/24/2011,Jan-11,as a couple,3,4,4,4,5,5
Costa Malabari Kannur,4,2/17/2011,Dec-10,with friends,5,5,5,4,4,4
Costa Malabari Kannur,5,2/14/2011,Jan-11,as a couple,5,5,5,5,5,5
Costa Malabari Kannur,5,2/14/2011,Nov-10,as a couple,5,5,5,5,5,5
Costa Malabari Kannur,5,02-12-2011,Dec-10,as a couple,5,5,5,5,5,5
Costa Malabari Kannur,5,02-01-2011,Jan-11,as a couple,5,4,5,4,5,4
Costa Malabari Kannur,5,1/27/2011,Jan-11,with friends,4,5,5,4,5,5
Costa Malabari Kannur,5,11-03-2010,Oct-10,as a couple,4,5,5,4,4,5
Costa Malabari Kannur,5,10/13/2010,Oct-10,as a couple,5,4,4,5,5,5
Costa Malabari Kannur,5,8/15/2010,Feb-10,as a couple,4,3,4,3,5,5
Costa Malabari Kannur,5,5/31/2010,May-10,as a couple,5,5,5,5,4,5
Costa Malabari Kannur,5,2/23/2010,Feb-10,as a couple,5,5,5,2,5,4
Costa Malabari Kannur,5,02-10-2010,Dec-09,with family,4,4,NA,3,5,5
Costa Malabari Kannur,5,01-11-2010,Dec-09,as a couple,4,5,NA,4,4,4
Costa Malabari Kannur,4,01-06-2010,Oct-09,as a couple,5,5,NA,3,4,5
Costa Malabari Kannur,5,12/20/2009,Nov-09,as a couple,4,5,NA,3,5,5
Costa Malabari Kannur,5,11/17/2009,Sep-09,as a couple,4,5,NA,4,3,5
Costa Malabari Kannur,5,11-10-2009,Apr-07,as a couple,5,4,NA,3,5,4
Costa Malabari Kannur,5,5/21/2009,Feb-09,NA,5,5,NA,5,5,5
Costa Malabari Kannur,4,1/31/2009,Jan-09,as a couple,4,5,NA,3,4,5
Costa Malabari Kannur,5,5/13/2008,Nov-07,as a couple,5,5,NA,3,4,5
Costa Malabari Kannur,5,03-02-2008,Feb-08,as a couple,5,4,NA,3,5,5
Costa Malabari Kannur,2,01-04-2008,Dec-07,NA,NA,NA,NA,NA,NA,NA
Costa Malabari Kannur,1,01-02-2008,NA,NA,1,1,NA,1,1,1
Costa Malabari Kannur,4,12-09-2007,Nov-07,as a couple,3,3,NA,4,4,5
Costa Malabari Kannur,4,05-06-2007,May-07,with friends,4,3,NA,2,4,5
Costa Malabari Kannur,5,05-03-2007,May-07,as a couple,5,4,NA,5,5,5
Costa Malabari Kannur,5,03-01-2007,Feb-07,with family,5,5,NA,5,5,5
Duke Palace Mathura,3,04-11-2013,Apr-13,on business,3,4,2,3,3,3
Duke Palace Mathura,1,3/18/2013,Nov-12,with family,1,2,1,1,1,1
"Gmvn Tourist Rest House, Syalsaur Rudra_Prayag",4,9/20/2014,Sep-14,with friends,NA,3,4,NA,NA,3
"Gmvn Tourist Rest House, Syalsaur Rudra_Prayag",3,06-04-2014,May-14,with family,3,5,3,3,4,3
"Gmvn Tourist Rest House, Syalsaur Rudra_Prayag",4,6/21/2013,Feb-13,with family,5,5,3,4,4,5
"Gmvn Tourist Rest House, Syalsaur Rudra_Prayag",4,06-03-2013,Jun-13,with family,4,5,5,4,5,4
"Gmvn Tourist Rest House, Syalsaur Rudra_Prayag",4,5/16/2013,Jun-12,with family,5,5,5,5,4,3
"Gmvn Tourist Rest House, Syalsaur Rudra_Prayag",5,04-11-2013,Feb-13,with family,5,5,4,4,4,5
"Gmvn Tourist Rest House, Syalsaur Rudra_Prayag",4,02-03-2013,Jun-12,with family,3,5,4,3,3,3
"Gmvn Tourist Rest House, Syalsaur Rudra_Prayag",5,11-05-2012,Oct-12,with friends,5,5,5,5,5,5
"Gmvn Tourist Rest House, Syalsaur Rudra_Prayag",5,11-05-2012,Jul-12,as a couple,5,5,5,5,5,5
"Gmvn Tourist Rest House, Syalsaur Rudra_Prayag",4,11-03-2012,Oct-12,with family,4,5,5,5,5,5
Hotel Classic Chandigarh Chandigarh,3,10-12-2014,Oct-14,with friends,4,NA,NA,3,NA,3
Hotel Classic Chandigarh Chandigarh,3,08-12-2014,Aug-14,with friends,NA,NA,NA,NA,NA,NA
Hotel Classic Chandigarh Chandigarh,5,08-05-2014,Jul-14,as a couple,5,NA,NA,NA,5,5
Hotel Classic Chandigarh Chandigarh,5,08-04-2014,Jul-14,with family,5,NA,NA,NA,5,5
Hotel Classic Chandigarh Chandigarh,5,08-03-2014,Jul-14,on business,NA,5,NA,NA,5,5
Hotel Classic Chandigarh Chandigarh,3,6/28/2014,Jul-13,as a couple,4,3,4,4,4,3
Hotel Classic Chandigarh Chandigarh,4,5/23/2014,May-14,on business,5,5,4,4,3,3
Hotel Classic Chandigarh Chandigarh,2,05-08-2014,Apr-14,solo,3,4,2,2,1,3
Hotel Classic Chandigarh Chandigarh,4,05-01-2014,Apr-14,NA,4,4,NA,4,4,4
Hotel Classic Chandigarh Chandigarh,3,04-07-2014,Apr-14,as a couple,4,5,4,3,4,3
Hotel Maya International Srimangala,3,8/25/2014,Aug-14,with friends,NA,NA,NA,NA,NA,NA
Hotel Maya International Srimangala,3,3/27/2014,Feb-14,with friends,3,4,NA,NA,3,3
Hotel Maya International Srimangala,3,03-11-2014,Mar-14,with family,5,5,3,3,4,4
Hotel Maya International Srimangala,1,12-02-2013,Nov-13,on business,2,3,2,3,4,1
Hotel Maya International Srimangala,4,04-12-2013,Jun-12,on business,4,3,3,3,3,4
Hotel Maya International Srimangala,4,01-02-2013,Dec-12,NA,4,3,NA,3,4,4
Hotel Maya International Srimangala,3,12-10-2012,Nov-12,with family,4,5,5,4,4,3
Hotel Maya International Srimangala,4,10-02-2012,Sep-12,with friends,4,4,4,3,4,3
Hotel Naveen Regency Chitradurga,4,11-02-2014,Oct-14,with family,NA,NA,NA,NA,NA,NA
Hotel Naveen Regency Chitradurga,2,9/17/2014,Sep-14,with family,NA,NA,NA,NA,NA,NA
Hotel Naveen Regency Chitradurga,3,07-09-2014,Jun-14,as a couple,NA,3,NA,3,NA,4
Hotel Naveen Regency Chitradurga,4,6/17/2014,Apr-14,with family,4,3,4,5,5,5
Hotel Naveen Regency Chitradurga,3,4/22/2014,Apr-14,as a couple,2,3,2,NA,2,3
Hotel Naveen Regency Chitradurga,3,2/25/2014,Nov-13,with friends,4,4,4,4,3,4
Hotel Naveen Regency Chitradurga,2,1/24/2014,Jan-14,with friends,2,3,1,1,2,2
Hotel Naveen Regency Chitradurga,4,01-09-2014,Dec-13,with family,4,4,4,4,4,4
Hotel Naveen Regency Chitradurga,3,11/30/2013,Nov-13,with family,1,4,3,3,3,3
Hotel Naveen Regency Chitradurga,4,11/29/2013,Aug-13,on business,4,3,4,4,3,3
Hotel Prem Bihari Haridwar,1,06-01-2014,May-14,with family,1,3,3,3,4,1
Hotel Shreenath Palace Jaisalmer,5,10/16/2014,Oct-14,as a couple,NA,5,NA,5,NA,5
Hotel Shreenath Palace Jaisalmer,5,10/14/2014,Oct-14,with family,NA,5,NA,4,NA,5
Hotel Shreenath Palace Jaisalmer,5,10-02-2014,Aug-14,with family,NA,5,5,NA,NA,5
Hotel Shreenath Palace Jaisalmer,4,9/29/2014,Sep-14,with friends,NA,4,NA,4,NA,4
Hotel Shreenath Palace Jaisalmer,5,8/20/2014,Aug-14,as a couple,5,5,NA,NA,NA,5
Hotel Shreenath Palace Jaisalmer,5,6/22/2014,May-14,as a couple,5,5,5,5,5,5
Hotel Shreenath Palace Jaisalmer,5,6/13/2014,Feb-14,NA,5,5,NA,5,5,5
Hotel Shreenath Palace Jaisalmer,5,5/14/2014,May-14,NA,5,5,NA,5,5,5
Hotel Shreenath Palace Jaisalmer,5,4/29/2014,Apr-14,with family,5,5,4,5,5,5
Hotel Shreenath Palace Jaisalmer,5,4/18/2014,Apr-14,as a couple,NA,NA,NA,NA,NA,NA
Hotel Shreenath Palace Jaisalmer,5,3/22/2014,Jan-14,solo,4,5,4,5,4,4
Hotel Shreenath Palace Jaisalmer,5,3/19/2014,Mar-14,with friends,5,5,5,5,5,5
Hotel Shreenath Palace Jaisalmer,5,03-12-2014,Feb-14,as a couple,5,4,5,5,4,5
Hotel Shreenath Palace Jaisalmer,5,03-12-2014,Mar-14,NA,5,5,NA,5,5,5
Hotel Shreenath Palace Jaisalmer,5,2/26/2014,Feb-14,as a couple,5,5,5,5,5,5
Hotel Shreenath Palace Jaisalmer,5,1/30/2014,Jan-14,as a couple,5,5,4,5,5,5
Hotel Shreenath Palace Jaisalmer,4,1/18/2014,Jan-14,NA,4,4,NA,4,4,4
Hotel Shreenath Palace Jaisalmer,5,1/17/2014,Feb-13,with friends,5,5,5,5,5,5
Hotel Shreenath Palace Jaisalmer,5,1/14/2014,Jan-14,as a couple,5,5,4,5,5,5
Hotel Shreenath Palace Jaisalmer,5,01-11-2014,Jan-14,with friends,5,5,5,5,4,5
Hotel Shreenath Palace Jaisalmer,5,01-11-2014,Jan-14,as a couple,5,5,5,5,5,5
Hotel Shreenath Palace Jaisalmer,5,01-11-2014,Jan-14,with friends,5,5,5,5,4,5
Hotel Shreenath Palace Jaisalmer,4,01-08-2014,Dec-13,as a couple,NA,NA,NA,NA,NA,NA
Hotel Shreenath Palace Jaisalmer,5,01-04-2014,Dec-13,as a couple,5,5,5,5,5,5
Hotel Shreenath Palace Jaisalmer,5,12-10-2013,Dec-13,with family,5,5,5,5,5,5
Hotel Shreenath Palace Jaisalmer,5,12-03-2013,Nov-13,as a couple,NA,NA,NA,NA,NA,NA
Hotel Shreenath Palace Jaisalmer,5,11/24/2013,Nov-13,as a couple,5,5,5,5,3,5
Hotel Shreenath Palace Jaisalmer,5,11/22/2013,Nov-13,with friends,5,4,4,4,4,5
Hotel Shreenath Palace Jaisalmer,5,11/22/2013,Nov-13,NA,5,5,NA,5,5,5
Hotel Shreenath Palace Jaisalmer,5,11/19/2013,Nov-13,with friends,5,5,4,5,5,5
Hotel Shreenath Palace Jaisalmer,5,11/15/2013,Nov-13,with friends,NA,NA,NA,NA,NA,NA
Hotel Shreenath Palace Jaisalmer,4,11-10-2013,Oct-13,as a couple,4,5,4,4,4,5
Hotel Shreenath Palace Jaisalmer,4,11-08-2013,Nov-13,with family,4,5,4,5,4,5
Hotel Shreenath Palace Jaisalmer,5,11-07-2013,Oct-13,with family,NA,NA,NA,NA,NA,NA
Hotel Shreenath Palace Jaisalmer,2,11-01-2013,Oct-13,as a couple,3,4,2,3,2,3
Hotel Shreenath Palace Jaisalmer,5,10/25/2013,Oct-13,with family,5,5,5,5,5,5
Hotel Shreenath Palace Jaisalmer,3,10-04-2013,Aug-13,NA,4,3,NA,3,4,4
Hotel Shreenath Palace Jaisalmer,5,9/29/2013,Aug-13,with family,5,4,5,4,5,5
Hotel Shreenath Palace Jaisalmer,5,9/28/2013,Sep-13,as a couple,4,5,5,5,4,4
Hotel Shreenath Palace Jaisalmer,1,9/26/2013,Oct-12,with family,1,5,3,4,3,3
Hotel Shreenath Palace Jaisalmer,5,09-12-2013,Aug-13,with family,5,5,5,5,5,5
Hotel Shreenath Palace Jaisalmer,5,6/23/2013,Dec-12,with family,4,4,4,5,5,5
Hotel Shreenath Palace Jaisalmer,5,4/24/2013,Mar-13,as a couple,5,5,3,5,4,5
Hotel Shreenath Palace Jaisalmer,5,3/30/2013,Feb-13,as a couple,4,5,4,4,4,5
Hotel Shreenath Palace Jaisalmer,4,3/13/2013,Apr-12,with family,5,5,4,5,5,5
Hotel Shreenath Palace Jaisalmer,5,02-11-2013,Feb-13,with friends,5,5,4,5,4,5
Hotel Shreenath Palace Jaisalmer,5,02-03-2013,Jan-13,with friends,5,5,4,NA,4,5
Hotel Shreenath Palace Jaisalmer,5,1/26/2013,Jan-13,NA,5,5,NA,5,5,5
Hotel Shreenath Palace Jaisalmer,5,01-03-2013,Dec-12,as a couple,5,5,5,5,4,5
Hotel Shreenath Palace Jaisalmer,5,12/15/2012,Dec-12,as a couple,4,4,4,4,4,5
Hotel Shreenath Palace Jaisalmer,5,09-05-2012,Aug-12,with friends,4,5,5,5,5,5
Hotel Shreenath Palace Jaisalmer,4,8/26/2012,Jan-12,with friends,4,5,2,4,3,4
Hotel Shreenath Palace Jaisalmer,4,07-08-2012,Jun-12,with family,4,5,3,4,4,5
Hotel Shreenath Palace Jaisalmer,4,6/16/2012,Mar-12,as a couple,4,5,2,3,3,4
Hotel Shreenath Palace Jaisalmer,5,5/15/2012,May-12,as a couple,5,5,4,5,5,5
Hotel Shreenath Palace Jaisalmer,5,05-11-2012,Mar-12,solo,5,5,4,5,4,5
Hotel Shreenath Palace Jaisalmer,5,05-10-2012,Nov-11,with friends,5,5,3,5,3,5
Hotel Shreenath Palace Jaisalmer,5,4/22/2012,Apr-12,with family,5,5,5,5,5,5
Hotel Shreenath Palace Jaisalmer,4,3/20/2012,Feb-12,as a couple,4,4,4,4,4,4
Hotel Shreenath Palace Jaisalmer,5,3/18/2012,Jan-12,as a couple,5,5,5,4,4,5
Hotel Shreenath Palace Jaisalmer,5,01-10-2012,Sep-11,with friends,5,5,5,5,4,5
Hotel Shreenath Palace Jaisalmer,4,12/31/2011,Oct-11,as a couple,3,4,2,3,2,4
Hotel Shreenath Palace Jaisalmer,3,11/13/2011,Oct-11,with family,2,4,3,3,2,4
Hotel Shreenath Palace Jaisalmer,4,11-12-2011,Mar-11,with family,5,5,5,4,4,5
Hotel Shreenath Palace Jaisalmer,5,10/31/2011,Oct-11,as a couple,5,5,5,5,5,5
Hotel Shreenath Palace Jaisalmer,4,08-10-2011,Jul-11,with friends,5,NA,4,NA,5,5
Hotel Shreenath Palace Jaisalmer,5,04-11-2011,Mar-11,solo,5,5,5,5,5,5
Hotel Shreenath Palace Jaisalmer,3,04-10-2011,Apr-11,with friends,3,4,3,3,3,3
Hotel Shreenath Palace Jaisalmer,4,02-08-2011,Jan-11,with friends,5,5,1,5,4,5
Hotel Shreenath Palace Jaisalmer,4,02-05-2011,Jan-11,as a couple,5,5,3,5,5,5
Hotel Shreenath Palace Jaisalmer,5,01-07-2011,Dec-10,as a couple,4,5,4,4,4,4
Hotel Shreenath Palace Jaisalmer,5,12/26/2010,Nov-10,with family,5,5,5,5,5,5
Hotel Shreenath Palace Jaisalmer,5,11/22/2010,Nov-10,as a couple,5,5,3,5,5,4
Hotel Shreenath Palace Jaisalmer,5,11-03-2010,Oct-10,as a couple,5,5,5,5,5,5
Hotel Shreenath Palace Jaisalmer,5,10/24/2010,Oct-10,with friends,5,5,5,5,5,5
Hotel Shreenath Palace Jaisalmer,5,8/31/2010,Aug-10,with friends,5,5,5,5,4,5
Hotel Shreenath Palace Jaisalmer,5,6/25/2010,Oct-09,as a couple,5,5,5,5,4,5
Hotel Shreenath Palace Jaisalmer,5,06-03-2010,Mar-10,solo,NA,NA,NA,NA,NA,NA
Hotel Shreenath Palace Jaisalmer,2,4/27/2010,Apr-10,as a couple,2,2,1,2,2,3
Hotel Shreenath Palace Jaisalmer,5,4/25/2010,Jan-07,with family,NA,NA,NA,NA,NA,NA
Hotel Shreenath Palace Jaisalmer,5,4/22/2010,Feb-08,with friends,5,5,3,5,5,5
Hotel Shreenath Palace Jaisalmer,5,4/13/2010,Nov-09,as a couple,5,5,5,5,4,5
Hotel Shreenath Palace Jaisalmer,5,2/22/2010,Feb-10,as a couple,5,5,4,5,5,5
Hotel Shreenath Palace Jaisalmer,5,2/19/2010,Jan-10,with friends,4,4,4,5,4,5
Hotel Shreenath Palace Jaisalmer,5,01-11-2010,Dec-09,with family,5,5,NA,5,2,4
Hotel Shreenath Palace Jaisalmer,5,01-09-2010,Dec-09,with friends,4,5,NA,5,4,4
Hotel Shreenath Palace Jaisalmer,5,11/29/2009,Nov-09,with friends,5,5,NA,5,5,5
Hotel Shreenath Palace Jaisalmer,5,11-07-2009,Oct-09,NA,5,5,NA,5,5,5
Hotel Shreenath Palace Jaisalmer,5,11-06-2009,Nov-09,with family,4,5,NA,4,5,5
Hotel Shreenath Palace Jaisalmer,5,10/16/2009,Sep-09,with family,5,5,NA,5,5,5
Hotel Shreenath Palace Jaisalmer,5,09-08-2009,Dec-08,as a couple,5,5,NA,5,4,5
Hotel Shreenath Palace Jaisalmer,5,05-01-2009,Apr-09,with friends,5,5,NA,5,5,5
Hotel Shreenath Palace Jaisalmer,5,4/24/2009,Mar-09,with friends,5,5,NA,5,5,5
Hotel Shreenath Palace Jaisalmer,5,4/20/2009,Apr-09,as a couple,5,5,NA,5,5,5
Hotel Shreenath Palace Jaisalmer,5,3/19/2009,Mar-09,as a couple,5,5,NA,5,5,5
Hotel Shreenath Palace Jaisalmer,5,2/21/2009,Jan-09,with family,5,5,NA,5,5,5
Hotel Shreenath Palace Jaisalmer,5,02-07-2009,Jan-09,solo,5,5,NA,5,5,5
Hotel Shreenath Palace Jaisalmer,5,1/25/2009,Dec-08,with family,5,5,NA,5,5,5
Hotel Shreenath Palace Jaisalmer,5,01-12-2009,Dec-08,as a couple,5,5,NA,5,5,5
Hotel Shreenath Palace Jaisalmer,5,01-06-2009,Dec-08,with friends,5,5,NA,5,5,5
Hotel Shreenath Palace Jaisalmer,4,10-11-2008,Oct-08,with family,4,3,NA,4,3,4
Hotel Shreenath Palace Jaisalmer,5,5/22/2008,Mar-08,as a couple,5,5,NA,5,5,5
Hotel Shreenath Palace Jaisalmer,5,4/27/2008,Apr-08,as a couple,5,5,NA,4,4,5
Hotel Shreenath Palace Jaisalmer,3,04-11-2008,Dec-07,NA,NA,NA,NA,NA,NA,NA
Hotel Shreenath Palace Jaisalmer,4,04-06-2008,Mar-08,NA,NA,NA,NA,NA,NA,NA
Hotel Shreenath Palace Jaisalmer,4,3/30/2008,Mar-08,NA,NA,NA,NA,NA,NA,NA
Hotel Shreenath Palace Jaisalmer,5,3/26/2008,Mar-08,as a couple,4,5,NA,5,5,4
Hotel Shreenath Palace Jaisalmer,4,03-04-2008,Feb-08,as a couple,4,4,NA,4,4,5
Hotel Shreenath Palace Jaisalmer,5,2/17/2008,Jan-08,solo,5,5,NA,5,5,5
Hotel Shreenath Palace Jaisalmer,5,02-09-2008,Jan-08,as a couple,5,5,NA,5,5,5
Hotel Shreenath Palace Jaisalmer,5,1/22/2008,Oct-07,NA,NA,NA,NA,NA,NA,NA
Hotel Shreenath Palace Jaisalmer,5,1/14/2008,Dec-07,with friends,5,5,NA,5,5,5
Hotel Shreenath Palace Jaisalmer,5,1/13/2008,Jan-08,as a couple,5,5,NA,5,5,5
Hotel Shreenath Palace Jaisalmer,5,01-02-2008,Nov-07,as a couple,5,5,NA,5,5,5
Hotel Shreenath Palace Jaisalmer,5,01-01-2008,Dec-07,as a couple,5,5,NA,5,4,5
Hotel Shreenath Palace Jaisalmer,5,12/24/2007,Nov-07,NA,5,5,NA,5,5,5
Hotel Shreenath Palace Jaisalmer,5,12/21/2007,NA,NA,5,5,NA,5,5,5
Hotel Shreenath Palace Jaisalmer,5,11/30/2007,Apr-07,as a couple,5,5,NA,5,5,5
Hotel Shreenath Palace Jaisalmer,5,3/18/2007,Mar-07,as a couple,5,5,NA,5,5,5
Hotel Shreenath Palace Jaisalmer,5,3/15/2007,Sep-06,NA,NA,NA,NA,NA,NA,NA
Hotel Shreenath Palace Jaisalmer,4,12/31/2006,Dec-06,as a couple,4,5,NA,4,3,4
Hotel Shreenath Palace Jaisalmer,5,12/28/2006,Nov-05,NA,NA,NA,NA,NA,NA,NA
Hotel Sunrise Mussoorie,1,8/22/2014,Aug-14,as a couple,1,1,NA,NA,NA,1
Hotel Sunrise Mussoorie,2,5/18/2013,Jun-12,with family,3,3,4,3,3,2
Kairali Ayurvedic Health Resort Palakkad,5,09-09-2014,Jul-14,with friends,NA,5,NA,5,NA,5
Kairali Ayurvedic Health Resort Palakkad,4,09-03-2014,Aug-14,on business,5,NA,NA,5,NA,5
Kairali Ayurvedic Health Resort Palakkad,5,09-01-2014,Aug-14,on business,NA,4,NA,NA,5,5
Kairali Ayurvedic Health Resort Palakkad,4,09-01-2014,Aug-14,solo,NA,5,5,NA,NA,4
Kairali Ayurvedic Health Resort Palakkad,5,8/27/2014,Aug-14,NA,5,4,NA,5,5,5
Kairali Ayurvedic Health Resort Palakkad,4,7/24/2014,Feb-14,solo,NA,3,4,NA,NA,4
Kairali Ayurvedic Health Resort Palakkad,3,6/19/2014,Jun-14,solo,NA,4,3,3,4,5
Kairali Ayurvedic Health Resort Palakkad,4,06-11-2014,Jun-14,with friends,5,5,4,4,4,4
Kairali Ayurvedic Health Resort Palakkad,5,5/29/2014,May-14,with family,5,5,5,5,5,5
Kairali Ayurvedic Health Resort Palakkad,5,05-12-2014,Dec-13,solo,5,4,5,5,5,5
Kairali Ayurvedic Health Resort Palakkad,5,04-07-2014,Mar-14,NA,5,5,NA,5,5,5
Kairali Ayurvedic Health Resort Palakkad,5,01-11-2014,Dec-13,with family,5,5,5,5,5,5
Kairali Ayurvedic Health Resort Palakkad,4,12-05-2013,Nov-13,with family,NA,NA,NA,NA,NA,NA
Kairali Ayurvedic Health Resort Palakkad,5,11/18/2013,Nov-13,with family,4,4,5,5,5,5
Kairali Ayurvedic Health Resort Palakkad,5,10/25/2013,Oct-13,with family,4,4,5,5,5,5
Kairali Ayurvedic Health Resort Palakkad,5,10-08-2013,Oct-13,as a couple,5,5,5,5,5,5
Kairali Ayurvedic Health Resort Palakkad,5,10-08-2013,Oct-13,as a couple,5,4,4,4,4,5
Kairali Ayurvedic Health Resort Palakkad,5,9/19/2013,Sep-13,with family,5,5,5,5,5,5
Kairali Ayurvedic Health Resort Palakkad,5,9/18/2013,Sep-13,solo,5,5,4,4,5,5
Kairali Ayurvedic Health Resort Palakkad,5,8/27/2013,Aug-13,with family,5,5,5,5,5,5
Kairali Ayurvedic Health Resort Palakkad,4,8/18/2013,Aug-13,NA,4,5,NA,4,3,4
Kairali Ayurvedic Health Resort Palakkad,3,8/14/2013,Aug-13,as a couple,1,4,2,3,3,3
Kairali Ayurvedic Health Resort Palakkad,5,7/26/2013,Jul-13,with family,4,5,4,3,5,5
Kairali Ayurvedic Health Resort Palakkad,5,7/25/2013,Jul-13,with family,5,5,5,5,4,5
Kairali Ayurvedic Health Resort Palakkad,5,7/19/2013,Jul-13,solo,5,5,5,5,4,5
Kairali Ayurvedic Health Resort Palakkad,5,6/29/2013,Jan-13,solo,5,3,5,5,4,5
Kairali Ayurvedic Health Resort Palakkad,4,5/21/2013,May-13,with family,5,3,3,3,3,4
Kairali Ayurvedic Health Resort Palakkad,5,4/14/2013,May-12,with family,4,5,5,5,4,5
Kairali Ayurvedic Health Resort Palakkad,4,1/20/2013,Jan-13,as a couple,3,4,4,3,3,3
Kairali Ayurvedic Health Resort Palakkad,1,10/25/2012,Oct-12,with family,1,1,1,1,1,1
Kairali Ayurvedic Health Resort Palakkad,3,10/21/2012,Oct-12,as a couple,3,3,4,4,4,4
Kairali Ayurvedic Health Resort Palakkad,4,10/18/2012,Oct-12,with friends,4,4,5,3,4,4
Kairali Ayurvedic Health Resort Palakkad,3,10-08-2012,Sep-12,with friends,2,5,2,2,2,3
Kairali Ayurvedic Health Resort Palakkad,4,10-01-2012,Sep-12,as a couple,3,3,4,3,4,5
Kairali Ayurvedic Health Resort Palakkad,3,8/21/2012,Aug-12,with family,3,3,3,3,4,2
Kairali Ayurvedic Health Resort Palakkad,4,07-03-2012,May-12,as a couple,4,4,4,3,3,4
Kairali Ayurvedic Health Resort Palakkad,3,5/15/2012,May-12,as a couple,3,3,4,3,4,4
Kairali Ayurvedic Health Resort Palakkad,5,4/19/2012,Nov-11,with family,5,5,5,5,5,5
Kairali Ayurvedic Health Resort Palakkad,3,12/19/2011,Oct-11,as a couple,1,4,4,3,4,3
Kairali Ayurvedic Health Resort Palakkad,4,11/22/2011,Oct-11,with friends,4,4,4,3,3,4
Kairali Ayurvedic Health Resort Palakkad,4,10-04-2011,Sep-11,solo,4,3,4,4,4,4
Kairali Ayurvedic Health Resort Palakkad,5,9/24/2011,Sep-11,with family,4,4,4,3,3,5
Kairali Ayurvedic Health Resort Palakkad,4,8/26/2011,Aug-11,with friends,5,NA,5,NA,5,5
Kairali Ayurvedic Health Resort Palakkad,1,8/25/2011,Aug-11,with family,1,NA,1,NA,1,1
Kairali Ayurvedic Health Resort Palakkad,5,08-05-2011,May-11,solo,5,NA,5,NA,5,5
Kairali Ayurvedic Health Resort Palakkad,5,4/20/2011,Apr-11,as a couple,5,4,4,5,5,5
Kairali Ayurvedic Health Resort Palakkad,4,1/31/2011,Jan-11,solo,5,5,4,4,5,5
Kairali Ayurvedic Health Resort Palakkad,4,1/31/2011,Dec-10,as a couple,3,5,4,4,4,3
Kairali Ayurvedic Health Resort Palakkad,5,11/30/2010,Jun-10,as a couple,4,4,5,5,5,5
Kairali Ayurvedic Health Resort Palakkad,4,08-07-2010,Aug-10,solo,4,5,4,4,5,5
Kairali Ayurvedic Health Resort Palakkad,4,7/17/2010,Jun-10,solo,4,3,3,4,5,5
Kairali Ayurvedic Health Resort Palakkad,4,4/22/2010,Mar-10,solo,4,5,4,3,4,NA
Kairali Ayurvedic Health Resort Palakkad,4,3/18/2010,Mar-09,as a couple,3,4,3,4,3,3
Kairali Ayurvedic Health Resort Palakkad,4,8/17/2009,Jun-07,solo,4,3,NA,3,4,5
Kairali Ayurvedic Health Resort Palakkad,5,2/28/2009,NA,NA,NA,NA,NA,NA,NA,NA
Kairali Ayurvedic Health Resort Palakkad,3,02-09-2008,Oct-07,with family,3,4,NA,2,4,4
Kairali Ayurvedic Health Resort Palakkad,5,3/22/2007,Mar-07,as a couple,5,4,NA,5,5,5
Kairali Ayurvedic Health Resort Palakkad,5,2/13/2007,Jan-07,NA,NA,NA,NA,NA,NA,NA
Kairali Ayurvedic Health Resort Palakkad,5,2/13/2007,Jan-07,with friends,5,5,NA,5,4,5
Kairali Ayurvedic Health Resort Palakkad,4,1/26/2007,Jan-07,solo,4,5,NA,4,3,4
Kairali Ayurvedic Health Resort Palakkad,2,1/19/2007,Jan-07,NA,NA,NA,NA,NA,NA,NA
Kairali Ayurvedic Health Resort Palakkad,1,01-09-2007,Oct-06,solo,1,2,NA,2,3,1
Kairali Ayurvedic Health Resort Palakkad,1,01-09-2007,Jan-07,NA,NA,4,NA,2,1,2
Kairali Ayurvedic Health Resort Palakkad,3,01-04-2006,Dec-05,NA,3,NA,NA,2,2,4
Lotus Nikko Hotel Bodhgaya Bodh_Gaya,3,10/15/2014,Dec-13,with friends,NA,NA,NA,NA,NA,NA
Lotus Nikko Hotel Bodhgaya Bodh_Gaya,4,10-06-2014,Oct-14,with friends,3,NA,NA,3,NA,3
Lotus Nikko Hotel Bodhgaya Bodh_Gaya,3,10-06-2014,Oct-14,NA,NA,NA,NA,NA,NA,NA
Lotus Nikko Hotel Bodhgaya Bodh_Gaya,3,5/28/2014,Mar-14,with friends,3,5,3,3,3,3
Lotus Nikko Hotel Bodhgaya Bodh_Gaya,3,11/22/2013,Nov-13,with family,NA,NA,NA,NA,NA,NA
Lotus Nikko Hotel Bodhgaya Bodh_Gaya,2,10/25/2013,Oct-13,with family,1,4,2,3,3,5
Lotus Nikko Hotel Bodhgaya Bodh_Gaya,4,5/28/2013,Mar-13,on business,4,5,3,4,3,4
Lotus Nikko Hotel Bodhgaya Bodh_Gaya,2,05-10-2013,Apr-13,as a couple,2,4,3,2,2,4
Lotus Nikko Hotel Bodhgaya Bodh_Gaya,1,4/27/2013,Apr-13,on business,1,3,1,1,1,1
Lotus Nikko Hotel Bodhgaya Bodh_Gaya,3,3/15/2013,Feb-13,with friends,3,4,2,3,3,3
Mahua Bagh Resort Kashid,4,11-01-2014,Oct-14,with family,NA,NA,NA,NA,NA,NA
Mahua Bagh Resort Kashid,1,10-11-2014,Oct-14,with family,NA,2,NA,1,NA,1
Mahua Bagh Resort Kashid,1,10-03-2014,Oct-14,with family,1,NA,3,NA,NA,3
Mahua Bagh Resort Kashid,5,6/18/2014,Apr-14,as a couple,4,4,5,4,5,4
Mahua Bagh Resort Kashid,5,6/13/2014,May-14,with friends,5,4,4,4,5,5
Mahua Bagh Resort Kashid,4,06-09-2014,May-14,with family,4,5,4,4,4,5
Mahua Bagh Resort Kashid,4,06-08-2014,May-14,NA,4,4,NA,4,5,5
Mahua Bagh Resort Kashid,5,5/20/2014,Apr-14,as a couple,5,4,4,4,4,5
Mahua Bagh Resort Kashid,4,5/18/2014,May-14,with family,4,5,4,4,5,5
Mahua Bagh Resort Kashid,4,4/13/2014,Apr-14,as a couple,3,4,3,4,2,3
Mahua Bagh Resort Kashid,4,04-02-2014,Apr-14,with friends,3,3,5,5,4,5
Mahua Bagh Resort Kashid,4,3/27/2014,Mar-14,as a couple,4,4,4,4,4,5
Mahua Bagh Resort Kashid,5,3/25/2014,Mar-14,as a couple,5,5,4,5,5,5
Mahua Bagh Resort Kashid,4,3/18/2014,Mar-14,with family,4,5,4,4,4,4
Mahua Bagh Resort Kashid,5,03-12-2014,Mar-14,with family,5,4,5,4,4,5
Mahua Bagh Resort Kashid,5,03-06-2014,Mar-14,with family,4,5,4,5,4,5
Mahua Bagh Resort Kashid,4,2/18/2014,Feb-14,with friends,4,5,5,4,5,4
Mahua Bagh Resort Kashid,5,2/18/2014,Feb-14,with family,5,5,5,5,5,5
Mahua Bagh Resort Kashid,4,2/17/2014,Feb-14,with friends,3,5,4,4,4,5
Mahua Bagh Resort Kashid,3,1/29/2014,Jan-14,with family,4,4,3,3,4,4
Mahua Bagh Resort Kashid,4,1/26/2014,Dec-13,as a couple,4,5,4,4,4,3
Mahua Bagh Resort Kashid,4,1/20/2014,May-13,with family,4,4,4,4,4,4
Mahua Bagh Resort Kashid,4,01-02-2014,Jan-14,with family,3,3,4,3,3,4
Mahua Bagh Resort Kashid,5,11-12-2013,Nov-13,with family,5,4,5,3,3,5
Mahua Bagh Resort Kashid,5,11-09-2013,Sep-13,with friends,NA,NA,NA,NA,NA,NA
Mahua Bagh Resort Kashid,4,8/30/2013,Aug-13,as a couple,3,4,4,4,3,4
Mahua Bagh Resort Kashid,4,09-01-2012,May-12,with friends,4,5,3,4,3,4
Mahua Bagh Resort Kashid,1,8/22/2012,Aug-12,with family,1,3,1,1,1,3
Mahua Bagh Resort Kashid,4,6/23/2012,Jun-12,with family,5,3,3,3,4,5
Mahua Bagh Resort Kashid,5,05-08-2012,Mar-12,with friends,5,5,4,4,4,4
Mahua Bagh Resort Kashid,3,4/26/2012,Mar-12,with family,3,2,NA,4,4,3
Mahua Bagh Resort Kashid,4,3/28/2012,Mar-12,with family,3,5,3,4,4,4
Midtown Hotel Haridwar,4,10/29/2014,Oct-14,with family,NA,NA,NA,4,4,4
Midtown Hotel Haridwar,5,10/19/2014,Sep-14,with family,NA,NA,NA,5,5,5
Midtown Hotel Haridwar,5,09-05-2014,Aug-14,with family,5,5,NA,NA,NA,5
Midtown Hotel Haridwar,1,6/16/2014,Jun-14,with family,1,2,2,4,3,3
Midtown Hotel Haridwar,4,10/27/2013,Oct-13,with family,5,5,5,4,5,4
Midtown Hotel Haridwar,4,10/17/2013,Oct-13,as a couple,5,4,3,4,4,4
Midtown Hotel Haridwar,1,9/19/2013,Sep-13,with family,2,3,2,2,2,3
Midtown Hotel Haridwar,4,8/25/2013,Aug-13,on business,4,4,4,4,3,4
Midtown Hotel Haridwar,3,7/18/2013,May-13,with family,4,4,3,3,4,4
Midtown Hotel Haridwar,5,5/21/2013,Apr-13,as a couple,5,5,4,4,5,5
Midtown Hotel Haridwar,5,4/14/2013,Mar-13,with family,5,5,5,5,5,5
Midtown Hotel Haridwar,1,04-12-2013,Apr-13,on business,1,2,1,1,1,1
Midtown Hotel Haridwar,4,3/19/2013,Mar-13,with family,4,4,4,4,3,3
Midtown Hotel Haridwar,5,2/17/2013,Feb-13,NA,5,5,NA,5,5,5
Midtown Hotel Haridwar,4,02-08-2013,Jan-13,as a couple,4,4,3,3,4,4
Midtown Hotel Haridwar,4,10/27/2012,Sep-12,with family,4,4,5,4,4,4
Midtown Hotel Haridwar,4,10/24/2012,May-12,on business,4,4,4,4,4,4
Midtown Hotel Haridwar,4,10-12-2012,Oct-12,with family,4,5,3,4,4,4
Midtown Hotel Haridwar,5,10-05-2012,Nov-11,with family,5,5,5,5,4,4
Midtown Hotel Haridwar,5,09-08-2012,Aug-12,with family,5,5,4,5,4,5
Midtown Hotel Haridwar,5,8/31/2012,Jun-12,with family,5,5,5,4,5,5
Midtown Hotel Haridwar,4,07-07-2011,Jul-11,with family,NA,NA,4,NA,5,5
Midtown Hotel Haridwar,1,3/27/2011,Mar-11,with family,1,2,1,1,1,1
Panthnivas Rourkela Rourkela,3,02-10-2014,Mar-13,with friends,3,4,3,3,3,3
Panthnivas Rourkela Rourkela,1,12/29/2013,Dec-13,with family,3,2,2,2,1,3
Panthnivas Rourkela Rourkela,4,9/13/2011,Aug-11,on business,5,5,NA,4,NA,4
Panthnivas Rourkela Rourkela,2,06-03-2011,Oct-10,on business,3,NA,4,NA,2,4
Panthnivas Rourkela Rourkela,4,08-04-2010,May-10,with family,4,5,5,4,4,3
Panthnivas Rourkela Rourkela,3,6/20/2010,Jan-10,on business,3,5,3,3,4,3
Panthnivas Rourkela Rourkela,3,05-09-2010,Sep-09,on business,4,4,3,3,3,2
Radhika Regency Rourkela,5,10/31/2014,Oct-14,with friends,NA,5,NA,NA,4,5
Radhika Regency Rourkela,4,10/31/2014,Oct-14,on business,NA,NA,NA,3,5,5
Radhika Regency Rourkela,5,10/29/2014,Jun-14,with friends,NA,NA,NA,NA,5,5
Radhika Regency Rourkela,5,10/29/2014,Sep-14,with friends,5,NA,NA,4,NA,4
Radhika Regency Rourkela,5,10/29/2014,Aug-14,as a couple,NA,4,NA,5,NA,5
Radhika Regency Rourkela,5,10/28/2014,Oct-14,as a couple,NA,NA,NA,5,5,5
Radhika Regency Rourkela,4,10/24/2014,Oct-14,on business,NA,NA,4,4,NA,4
Radhika Regency Rourkela,4,10-10-2014,Oct-14,on business,NA,NA,NA,4,5,4
Radhika Regency Rourkela,4,9/17/2014,Aug-14,on business,NA,NA,5,4,NA,5
Radhika Regency Rourkela,5,08-08-2014,Jul-14,on business,NA,5,NA,4,NA,5
Radhika Regency Rourkela,5,7/30/2014,May-14,with friends,5,NA,NA,4,NA,5
Radhika Regency Rourkela,5,7/30/2014,Jul-14,with family,5,NA,5,NA,NA,5
Radhika Regency Rourkela,5,7/28/2014,Jul-14,on business,NA,4,4,NA,NA,5
Radhika Regency Rourkela,5,7/23/2014,Jul-14,on business,NA,NA,NA,5,5,5
Radhika Regency Rourkela,3,7/21/2014,Feb-14,on business,5,NA,NA,3,NA,3
Radhika Regency Rourkela,5,7/17/2014,Jul-14,with friends,NA,NA,NA,NA,NA,NA
Radhika Regency Rourkela,5,7/16/2014,May-14,with friends,NA,NA,NA,NA,NA,NA
Radhika Regency Rourkela,5,7/13/2014,Jul-14,on business,5,NA,5,NA,NA,5
Radhika Regency Rourkela,5,7/13/2014,Jul-14,on business,NA,5,NA,NA,5,5
Radhika Regency Rourkela,4,6/22/2014,May-14,on business,4,5,4,5,5,4
Radhika Regency Rourkela,5,6/20/2014,Jun-14,on business,5,5,5,5,5,5
Radhika Regency Rourkela,5,6/19/2014,Jun-14,on business,NA,NA,NA,NA,NA,NA
Radhika Regency Rourkela,5,6/16/2014,Jun-14,on business,4,5,4,4,4,5
Radhika Regency Rourkela,5,5/29/2014,Nov-13,on business,5,4,5,5,5,5
Radhika Regency Rourkela,4,5/22/2014,Mar-14,on business,4,5,5,4,4,3
Radhika Regency Rourkela,5,4/30/2014,Jun-13,on business,4,5,4,5,5,5
Radhika Regency Rourkela,4,4/14/2014,Apr-14,on business,5,5,4,4,4,4
Radhika Regency Rourkela,5,04-09-2014,Apr-14,on business,5,5,5,5,5,5
Radhika Regency Rourkela,4,3/22/2014,Mar-14,on business,4,4,4,4,3,4
Radhika Regency Rourkela,3,2/14/2014,Jul-13,on business,3,4,4,3,3,3
Radhika Regency Rourkela,5,01-10-2014,Apr-13,with family,4,5,5,5,5,4
Radhika Regency Rourkela,4,12-10-2013,Sep-13,on business,4,5,5,3,5,4
Radhika Regency Rourkela,5,11-05-2013,Oct-13,on business,5,5,5,5,5,5
Radhika Regency Rourkela,3,9/25/2013,Sep-13,on business,3,4,2,3,3,4
Radhika Regency Rourkela,4,09-05-2013,Jul-13,with family,4,3,4,4,4,4
Radhika Regency Rourkela,5,09-05-2013,Aug-13,with family,4,5,4,4,5,5
Radhika Regency Rourkela,3,7/30/2013,Jul-13,on business,2,4,3,3,3,3
Radhika Regency Rourkela,4,07-11-2013,Jun-13,on business,5,5,4,4,4,4
Radhika Regency Rourkela,4,6/27/2013,Jun-13,on business,3,4,4,4,4,4
Radhika Regency Rourkela,4,6/20/2013,Jun-13,with friends,4,5,NA,4,5,5
Radhika Regency Rourkela,4,5/28/2013,Feb-13,on business,4,5,4,4,4,5
Radhika Regency Rourkela,5,04-11-2013,Apr-13,with family,5,5,5,4,5,5
Radhika Regency Rourkela,4,3/15/2013,Mar-13,on business,3,4,3,4,4,4
Radhika Regency Rourkela,4,2/21/2013,Apr-12,on business,4,5,4,3,3,4
Radhika Regency Rourkela,4,1/24/2013,Dec-12,on business,4,4,3,3,3,2
Radhika Regency Rourkela,4,1/23/2013,Dec-12,on business,4,5,4,4,4,4
Radhika Regency Rourkela,4,12/23/2012,Dec-12,with family,4,5,4,4,5,5
Radhika Regency Rourkela,4,11-12-2012,Aug-12,on business,4,5,5,4,4,5
Radhika Regency Rourkela,4,11-03-2012,Oct-12,on business,4,4,4,4,4,4
Radhika Regency Rourkela,3,9/20/2012,Mar-12,on business,4,5,4,4,4,4
Radhika Regency Rourkela,4,09-04-2012,Feb-12,on business,4,5,4,4,4,4
Radhika Regency Rourkela,4,8/20/2012,Aug-12,on business,4,4,4,4,4,4
Radhika Regency Rourkela,4,07-04-2012,May-12,on business,4,5,4,4,4,4
Radhika Regency Rourkela,2,6/13/2012,Jun-12,on business,1,4,3,4,4,4
Radhika Regency Rourkela,5,1/26/2012,Feb-11,solo,5,5,4,4,4,5
Radhika Regency Rourkela,5,1/24/2012,Dec-11,on business,5,5,5,5,5,5
Radhika Regency Rourkela,4,12/30/2011,Sep-11,on business,4,3,4,3,4,5
Radhika Regency Rourkela,4,11/18/2011,Nov-11,on business,4,5,5,4,4,5
Radhika Regency Rourkela,5,9/14/2011,Jun-11,with family,5,5,NA,5,NA,5
Radhika Regency Rourkela,3,09-10-2011,Jul-11,on business,3,NA,3,NA,3,4
Radhika Regency Rourkela,4,6/30/2011,Jun-11,on business,4,NA,4,NA,4,5
Radhika Regency Rourkela,5,5/29/2011,Oct-10,on business,5,3,5,5,5,5
Radhika Regency Rourkela,4,2/25/2011,Aug-10,on business,5,5,4,5,4,5
Radhika Regency Rourkela,5,12/25/2010,Dec-10,NA,5,5,NA,5,5,5
Radhika Regency Rourkela,4,10/22/2010,Aug-10,on business,3,4,3,4,4,4
Radhika Regency Rourkela,5,9/19/2010,Aug-10,on business,4,5,5,5,5,5
Ravine Hotel Satara,4,11-03-2014,Nov-14,NA,4,5,NA,4,3,3
Ravine Hotel Satara,5,10/31/2014,Oct-14,with family,5,NA,NA,5,NA,5
Ravine Hotel Satara,4,10/29/2014,Oct-14,with family,NA,NA,NA,5,4,5
Ravine Hotel Satara,4,10/28/2014,Jan-14,as a couple,4,NA,NA,5,NA,2
Ravine Hotel Satara,5,10/28/2014,Oct-14,NA,5,5,NA,5,5,5
Ravine Hotel Satara,5,10/25/2014,Oct-14,as a couple,NA,5,NA,5,NA,4
Ravine Hotel Satara,5,10/24/2014,Oct-14,with family,5,5,NA,NA,NA,5
Ravine Hotel Satara,5,10/18/2014,Sep-14,with family,NA,5,NA,NA,5,4
Ravine Hotel Satara,4,10/16/2014,Oct-14,NA,3,5,NA,5,5,2
Ravine Hotel Satara,4,10/14/2014,Oct-14,on business,3,NA,NA,4,NA,5
Ravine Hotel Satara,4,10-04-2014,Oct-14,with friends,NA,5,NA,5,NA,4
Ravine Hotel Satara,4,9/24/2014,Sep-14,with family,NA,5,4,NA,NA,4
Ravine Hotel Satara,5,9/22/2014,Sep-14,with friends,NA,NA,NA,NA,NA,NA
Ravine Hotel Satara,3,9/17/2014,Sep-14,as a couple,4,NA,NA,3,NA,4
Ravine Hotel Satara,4,09-12-2014,Sep-14,with family,NA,5,NA,NA,4,4
Ravine Hotel Satara,4,09-09-2014,Sep-14,with family,NA,5,5,NA,NA,2
Ravine Hotel Satara,4,09-08-2014,Aug-14,with family,4,NA,NA,5,NA,4
Ravine Hotel Satara,5,09-06-2014,Aug-14,as a couple,NA,NA,NA,NA,NA,NA
Ravine Hotel Satara,4,09-04-2014,Aug-14,with family,NA,NA,5,5,NA,4
Ravine Hotel Satara,4,09-01-2014,Aug-14,with family,NA,4,5,NA,NA,4
Ravine Hotel Satara,5,8/25/2014,Aug-14,with family,NA,NA,5,NA,5,5
Ravine Hotel Satara,5,8/22/2014,Jun-14,NA,4,5,NA,5,4,5
Ravine Hotel Satara,4,8/20/2014,Aug-14,as a couple,4,NA,NA,4,NA,4
Ravine Hotel Satara,4,08-12-2014,Aug-14,with family,3,NA,NA,NA,3,3
Ravine Hotel Satara,3,08-05-2014,Jul-14,with family,NA,5,NA,NA,3,3
Ravine Hotel Satara,4,08-05-2014,Jun-14,with friends,NA,NA,4,NA,4,4
Ravine Hotel Satara,5,08-05-2014,Sep-13,as a couple,NA,5,NA,5,NA,5
Ravine Hotel Satara,3,08-05-2014,Aug-14,with family,NA,NA,NA,NA,NA,NA
Ravine Hotel Satara,4,08-04-2014,Sep-13,as a couple,NA,5,NA,NA,5,3
Ravine Hotel Satara,3,7/25/2014,Jul-14,NA,2,5,NA,4,4,3
Ravine Hotel Satara,4,7/25/2014,Aug-13,with friends,NA,NA,NA,4,4,4
Ravine Hotel Satara,4,7/21/2014,Jul-14,as a couple,NA,5,NA,NA,5,3
Ravine Hotel Satara,2,7/21/2014,Jul-14,as a couple,NA,NA,NA,4,4,1
Ravine Hotel Satara,4,7/19/2014,Jul-14,solo,NA,NA,NA,NA,NA,NA
Ravine Hotel Satara,4,7/19/2014,Jul-14,as a couple,NA,NA,4,NA,4,4
Ravine Hotel Satara,4,7/15/2014,Jul-14,with family,4,NA,4,NA,NA,4
Ravine Hotel Satara,4,07-07-2014,Jul-14,as a couple,5,5,5,4,4,4
Ravine Hotel Satara,3,07-04-2014,Jul-14,as a couple,NA,NA,NA,NA,NA,NA
Ravine Hotel Satara,3,07-03-2014,Jul-14,with family,NA,NA,NA,NA,NA,2
Ravine Hotel Satara,2,6/27/2014,Jun-14,as a couple,2,4,3,3,3,1
Ravine Hotel Satara,5,6/24/2014,Apr-14,with family,5,5,5,5,5,NA
Ravine Hotel Satara,4,6/22/2014,Oct-13,with family,4,5,4,5,4,3
Ravine Hotel Satara,5,6/21/2014,Apr-14,as a couple,NA,NA,NA,NA,NA,NA
Ravine Hotel Satara,4,6/16/2014,Jun-14,as a couple,4,5,5,5,5,4
Ravine Hotel Satara,1,6/15/2014,Jun-14,with family,1,NA,NA,NA,NA,1
Ravine Hotel Satara,4,06-06-2014,May-14,with family,NA,NA,3,NA,5,2
Ravine Hotel Satara,4,06-02-2014,May-14,with family,4,5,4,4,4,4
Ravine Hotel Satara,4,5/25/2014,Jun-13,as a couple,4,5,3,3,3,3
Ravine Hotel Satara,5,5/25/2014,Oct-13,with family,5,5,5,5,5,4
Ravine Hotel Satara,4,5/20/2014,May-14,on business,4,5,4,3,3,3
Ravine Hotel Satara,3,05-12-2014,May-14,with family,NA,NA,NA,NA,NA,NA
Ravine Hotel Satara,3,05-12-2014,May-14,with family,3,4,3,4,3,4
Ravine Hotel Satara,3,05-10-2014,May-14,with family,1,5,3,3,3,3
Ravine Hotel Satara,4,05-03-2014,Mar-14,NA,NA,NA,NA,NA,NA,NA
Ravine Hotel Satara,1,05-01-2014,Apr-14,with family,1,2,1,3,3,1
Ravine Hotel Satara,4,4/28/2014,Feb-14,as a couple,3,4,4,3,2,3
Ravine Hotel Satara,2,4/26/2014,Apr-14,NA,2,4,NA,2,3,1
Ravine Hotel Satara,5,4/25/2014,Apr-14,as a couple,4,5,5,5,5,4
Ravine Hotel Satara,1,4/24/2014,Apr-14,with friends,3,4,1,1,4,1
Ravine Hotel Satara,4,4/20/2014,Apr-14,with family,NA,NA,NA,NA,NA,NA
Ravine Hotel Satara,4,04-12-2014,Mar-14,with family,3,5,4,3,4,3
Ravine Hotel Satara,4,04-07-2014,Apr-14,with family,4,5,4,4,4,4
Ravine Hotel Satara,5,04-04-2014,Mar-14,solo,5,5,4,4,4,4
Ravine Hotel Satara,5,04-02-2014,Jun-13,with family,4,5,5,4,5,4
Ravine Hotel Satara,5,04-02-2014,Dec-13,as a couple,4,3,3,3,4,4
Ravine Hotel Satara,4,04-02-2014,Mar-14,with family,3,5,4,4,3,2
Ravine Hotel Satara,5,3/27/2014,May-13,with family,5,4,5,5,5,3
Ravine Hotel Satara,3,3/26/2014,Mar-14,NA,3,5,NA,4,4,3
Ravine Hotel Satara,2,3/25/2014,Mar-14,with family,2,5,1,3,1,1
Ravine Hotel Satara,1,3/18/2014,Jan-14,with family,NA,NA,NA,NA,NA,1
Ravine Hotel Satara,4,3/13/2014,Feb-14,with friends,4,5,3,4,4,3
Ravine Hotel Satara,3,03-10-2014,Mar-14,as a couple,3,5,4,4,4,3
Ravine Hotel Satara,5,03-06-2014,Feb-14,as a couple,5,5,3,4,4,4
Ravine Hotel Satara,5,03-04-2014,Feb-14,on business,5,5,5,5,5,5
Ravine Hotel Satara,4,2/26/2014,Dec-13,with family,4,5,5,4,4,4
Ravine Hotel Satara,5,2/25/2014,Feb-14,as a couple,5,5,4,5,5,4
Ravine Hotel Satara,5,2/17/2014,Nov-13,as a couple,5,5,5,5,5,5
Ravine Hotel Satara,4,2/13/2014,Jan-14,with family,5,5,4,3,3,4
Ravine Hotel Satara,4,2/13/2014,Feb-14,NA,5,5,NA,5,5,4
Ravine Hotel Satara,2,02-11-2014,Feb-14,as a couple,3,4,1,2,3,4
Ravine Hotel Satara,4,02-09-2014,Jan-14,as a couple,3,5,5,4,4,2
Ravine Hotel Satara,5,02-06-2014,NA,NA,NA,NA,NA,NA,NA,NA
Ravine Hotel Satara,4,02-04-2014,Nov-13,as a couple,3,5,3,4,4,4
Ravine Hotel Satara,4,02-04-2014,Jan-14,as a couple,3,4,4,4,4,4
Ravine Hotel Satara,3,02-03-2014,Jan-14,with friends,4,3,3,4,4,3
Ravine Hotel Satara,4,02-03-2014,Jan-14,with family,4,5,5,4,4,4
Ravine Hotel Satara,4,02-01-2014,Dec-13,with family,NA,NA,NA,NA,NA,NA
Ravine Hotel Satara,5,1/28/2014,Jun-13,with family,4,5,5,4,4,4
Ravine Hotel Satara,5,1/23/2014,Jan-14,as a couple,5,5,5,5,5,5
Ravine Hotel Satara,3,1/21/2014,Jan-14,NA,NA,NA,NA,NA,NA,NA
Ravine Hotel Satara,5,1/20/2014,Dec-13,with friends,5,5,4,5,4,5
Ravine Hotel Satara,4,1/19/2014,Nov-13,as a couple,4,5,4,5,4,4
Ravine Hotel Satara,5,1/14/2014,Nov-13,as a couple,5,5,3,5,3,5
Ravine Hotel Satara,4,01-04-2014,Dec-13,as a couple,4,5,3,4,4,4
Ravine Hotel Satara,4,01-02-2014,Dec-13,with family,4,5,2,4,4,4
Ravine Hotel Satara,5,12/31/2013,Aug-13,as a couple,4,5,4,5,5,4
Ravine Hotel Satara,3,12/26/2013,Dec-13,with family,3,5,2,4,4,2
Ravine Hotel Satara,5,12/21/2013,Jul-13,as a couple,NA,NA,NA,NA,NA,NA
Ravine Hotel Satara,5,12/20/2013,Aug-13,as a couple,NA,NA,NA,NA,NA,NA
Ravine Hotel Satara,4,12/19/2013,Oct-13,with family,5,5,5,4,4,3
Ravine Hotel Satara,4,12-11-2013,Nov-13,as a couple,4,5,4,4,4,4
Ravine Hotel Satara,5,12-09-2013,Apr-13,as a couple,NA,NA,NA,NA,NA,NA
Ravine Hotel Satara,5,12-01-2013,Nov-13,as a couple,4,4,5,5,4,5
Ravine Hotel Satara,4,11/23/2013,Oct-13,with family,4,4,3,4,4,4
Ravine Hotel Satara,3,11/20/2013,Nov-13,with friends,4,5,5,5,4,3
Ravine Hotel Satara,5,11/18/2013,Jul-13,with friends,NA,NA,NA,NA,NA,NA
Ravine Hotel Satara,5,11/18/2013,Nov-13,with family,5,5,5,5,5,4
Ravine Hotel Satara,3,11/17/2013,Nov-13,with family,3,5,5,4,4,3
Ravine Hotel Satara,5,11/15/2013,Dec-12,with family,5,5,5,5,5,5
Ravine Hotel Satara,4,11/15/2013,Nov-13,with family,3,3,5,5,4,3
Ravine Hotel Satara,4,11/14/2013,Nov-13,with family,NA,NA,NA,NA,NA,NA
Ravine Hotel Satara,3,11/13/2013,Nov-13,with family,4,5,3,4,4,2
Ravine Hotel Satara,4,11-04-2013,Jul-13,with family,5,5,4,4,4,3
Ravine Hotel Satara,4,10/28/2013,Apr-13,with family,5,4,4,4,5,4
Ravine Hotel Satara,4,10/25/2013,Oct-13,as a couple,4,4,2,4,3,4
Ravine Hotel Satara,5,10/20/2013,May-13,with family,5,5,5,5,5,5
Ravine Hotel Satara,4,10/17/2013,Oct-13,with family,4,5,3,5,3,4
Ravine Hotel Satara,5,10/14/2013,Oct-13,with family,4,5,5,5,5,4
Ravine Hotel Satara,4,10/14/2013,Oct-13,with family,3,4,4,4,4,4
Ravine Hotel Satara,5,10-12-2013,Mar-13,solo,5,5,5,4,5,4
Ravine Hotel Satara,4,10-06-2013,Sep-13,with family,4,4,4,4,3,4
Ravine Hotel Satara,5,9/29/2013,Sep-13,with friends,4,4,5,4,4,5
Ravine Hotel Satara,4,9/28/2013,Sep-13,with family,5,4,5,4,3,4
Ravine Hotel Satara,2,9/20/2013,Sep-13,NA,1,5,NA,1,1,1
Ravine Hotel Satara,4,9/19/2013,Nov-12,with friends,4,5,4,3,4,4
Ravine Hotel Satara,3,9/17/2013,Aug-13,with family,2,5,3,3,2,4
Ravine Hotel Satara,4,9/16/2013,Sep-13,as a couple,4,5,5,3,3,4
Ravine Hotel Satara,4,09-12-2013,Sep-13,with family,3,5,5,5,3,5
Ravine Hotel Satara,4,09-10-2013,Sep-13,NA,4,5,NA,4,3,5
Ravine Hotel Satara,4,09-10-2013,Sep-13,as a couple,4,5,5,4,4,4
Ravine Hotel Satara,4,09-04-2013,Aug-13,NA,3,5,NA,5,4,3
Ravine Hotel Satara,5,8/25/2013,Aug-13,as a couple,5,5,5,5,3,5
Ravine Hotel Satara,3,8/17/2013,Aug-13,as a couple,2,5,4,5,4,2
Ravine Hotel Satara,4,08-11-2013,Aug-13,NA,4,5,NA,4,4,4
Ravine Hotel Satara,5,08-11-2013,Sep-12,with family,4,5,3,5,4,3
Ravine Hotel Satara,4,08-06-2013,Aug-13,as a couple,5,5,3,4,4,4
Ravine Hotel Satara,4,08-01-2013,Jul-13,NA,4,3,NA,4,5,4
Ravine Hotel Satara,4,7/31/2013,Jul-13,as a couple,4,5,5,5,5,5
Ravine Hotel Satara,2,7/28/2013,Jul-13,as a couple,NA,NA,NA,NA,NA,NA
Ravine Hotel Satara,4,7/24/2013,Jul-13,as a couple,5,5,5,5,4,4
Ravine Hotel Satara,5,7/23/2013,Jun-13,with family,5,5,4,5,4,4
Ravine Hotel Satara,5,7/14/2013,Jun-13,with friends,5,5,5,5,5,5
Ravine Hotel Satara,4,07-09-2013,Jul-13,with family,5,4,4,4,3,4
Ravine Hotel Satara,4,6/29/2013,May-13,with family,4,5,4,4,4,4
Ravine Hotel Satara,4,6/26/2013,Jun-13,with family,4,5,5,3,4,4
Ravine Hotel Satara,4,6/25/2013,Jun-13,with family,4,5,5,4,4,4
Ravine Hotel Satara,4,6/24/2013,Jun-13,as a couple,4,5,4,4,3,3
Ravine Hotel Satara,4,6/24/2013,May-13,as a couple,4,5,4,5,4,4
Ravine Hotel Satara,5,6/24/2013,Jun-13,with family,5,5,3,5,5,5
Ravine Hotel Satara,5,6/21/2013,Aug-12,as a couple,5,5,5,5,5,4
Ravine Hotel Satara,1,06-05-2013,Jun-13,with family,1,4,1,3,1,1
Ravine Hotel Satara,4,06-05-2013,Oct-12,with family,4,5,5,5,5,4
Ravine Hotel Satara,4,06-04-2013,Sep-12,as a couple,4,5,4,4,4,3
Ravine Hotel Satara,4,5/31/2013,May-13,as a couple,4,5,4,4,4,4
Ravine Hotel Satara,3,5/31/2013,May-13,with family,3,5,3,NA,3,4
Ravine Hotel Satara,4,5/20/2013,Apr-13,with family,4,5,5,5,5,4
Ravine Hotel Satara,5,5/19/2013,May-13,with family,4,5,5,5,5,5
Ravine Hotel Satara,4,5/17/2013,May-13,with family,3,5,5,5,4,3
Ravine Hotel Satara,4,5/14/2013,May-13,NA,3,4,NA,4,2,2
Ravine Hotel Satara,1,05-09-2013,May-13,with family,1,1,1,1,1,1
Ravine Hotel Satara,4,4/27/2013,Jun-12,as a couple,5,4,5,4,3,4
Ravine Hotel Satara,4,4/23/2013,Mar-13,with family,5,5,5,4,4,4
Ravine Hotel Satara,4,04-09-2013,Apr-13,with family,4,5,3,4,4,4
Ravine Hotel Satara,4,04-08-2013,Jul-12,as a couple,5,5,5,5,5,4
Ravine Hotel Satara,4,04-05-2013,Mar-13,with family,4,5,4,3,3,4
Ravine Hotel Satara,3,04-02-2013,Mar-13,with family,3,5,3,4,3,3
Ravine Hotel Satara,4,04-01-2013,Mar-13,with family,4,4,4,4,4,4
Ravine Hotel Satara,3,3/27/2013,Feb-13,as a couple,3,4,3,3,3,2
Ravine Hotel Satara,5,3/26/2013,Mar-13,as a couple,3,5,4,4,5,5
Ravine Hotel Satara,3,3/24/2013,Mar-13,NA,4,4,NA,3,3,3
Ravine Hotel Satara,5,3/21/2013,Mar-13,with family,5,5,5,5,5,5
Ravine Hotel Satara,5,3/20/2013,Mar-13,with family,4,5,5,5,5,5
Ravine Hotel Satara,4,3/19/2013,Mar-13,as a couple,4,5,5,3,3,3
Ravine Hotel Satara,4,3/18/2013,Mar-13,with family,4,5,5,5,5,4
Ravine Hotel Satara,5,3/16/2013,Sep-12,with family,5,5,5,5,5,5
Ravine Hotel Satara,4,03-08-2013,Feb-13,with family,4,5,4,4,4,4
Ravine Hotel Satara,4,03-06-2013,Mar-13,as a couple,3,5,2,5,5,5
Ravine Hotel Satara,4,03-03-2013,Feb-13,with friends,3,4,4,4,5,4
Ravine Hotel Satara,1,03-01-2013,Mar-13,with family,NA,NA,NA,NA,NA,1
Ravine Hotel Satara,4,2/19/2013,Feb-13,as a couple,4,5,2,4,3,4
Ravine Hotel Satara,3,2/19/2013,Feb-13,as a couple,3,4,4,4,4,3
Ravine Hotel Satara,5,2/18/2013,Feb-13,with family,5,5,5,5,5,5
Ravine Hotel Satara,4,02-10-2013,Feb-13,with family,4,5,4,4,5,5
Ravine Hotel Satara,3,02-04-2013,Feb-13,as a couple,3,4,3,3,3,3
Ravine Hotel Satara,4,1/31/2013,Jul-12,as a couple,3,5,4,4,4,3
Ravine Hotel Satara,4,1/30/2013,Jan-13,as a couple,4,5,2,3,4,4
Ravine Hotel Satara,4,1/26/2013,Jan-13,with family,4,4,4,4,3,4
Ravine Hotel Satara,5,1/18/2013,Jan-13,as a couple,5,5,4,5,5,5
Ravine Hotel Satara,5,1/15/2013,Jan-13,as a couple,5,5,5,5,5,4
Ravine Hotel Satara,3,01-11-2013,Jan-13,NA,3,5,NA,2,2,3
Ravine Hotel Satara,5,01-10-2013,Jan-13,NA,5,5,NA,5,5,5
Ravine Hotel Satara,5,01-06-2013,May-12,with family,NA,NA,NA,NA,NA,NA
Ravine Hotel Satara,1,12/27/2012,Dec-12,as a couple,1,1,1,1,1,1
Ravine Hotel Satara,4,12/26/2012,Dec-12,with family,3,4,4,4,4,3
Ravine Hotel Satara,4,12/18/2012,Dec-12,as a couple,4,4,4,4,4,4
Ravine Hotel Satara,4,12-12-2012,Dec-12,as a couple,3,5,4,4,4,4
Ravine Hotel Satara,4,12-12-2012,Dec-12,as a couple,4,5,4,3,4,3
Ravine Hotel Satara,5,12-07-2012,Aug-12,with family,5,5,4,4,4,4
Ravine Hotel Satara,4,12-06-2012,Dec-12,as a couple,4,5,4,5,4,4
Ravine Hotel Satara,4,12-04-2012,Dec-12,as a couple,4,4,NA,NA,4,5
Ravine Hotel Satara,3,12-03-2012,Oct-12,with family,3,5,4,3,4,4
Ravine Hotel Satara,3,11/29/2012,Nov-12,with family,4,4,4,3,3,3
Ravine Hotel Satara,3,11/27/2012,Nov-12,with family,3,4,3,3,3,3
Ravine Hotel Satara,4,11/26/2012,Nov-12,as a couple,4,5,4,5,4,3
Ravine Hotel Satara,5,11/16/2012,Nov-12,as a couple,4,5,5,5,5,5
Ravine Hotel Satara,3,11/15/2012,Nov-12,with family,2,5,3,3,2,2
Ravine Hotel Satara,4,11/14/2012,Oct-12,as a couple,4,5,3,4,4,3
Ravine Hotel Satara,4,11/14/2012,Oct-12,with family,4,5,4,4,2,NA
Ravine Hotel Satara,4,11-08-2012,Oct-12,with family,4,3,3,3,3,4
Ravine Hotel Satara,5,10/31/2012,Jul-12,with friends,5,5,5,4,5,4
Ravine Hotel Satara,4,10/25/2012,Oct-12,with family,4,5,4,3,3,4
Ravine Hotel Satara,5,10-10-2012,Sep-12,with friends,5,5,5,5,5,5
Ravine Hotel Satara,5,9/26/2012,Sep-12,with family,4,5,3,5,4,4
Ravine Hotel Satara,5,9/24/2012,Sep-12,with family,5,5,4,4,5,4
Ravine Hotel Satara,5,9/21/2012,Sep-12,with family,5,5,5,5,5,4
Ravine Hotel Satara,5,9/21/2012,Sep-12,with family,4,5,5,4,5,5
Ravine Hotel Satara,5,9/14/2012,Sep-12,as a couple,5,5,5,5,5,5
Ravine Hotel Satara,4,09-08-2012,Aug-12,with family,4,5,5,4,4,4
Ravine Hotel Satara,5,09-05-2012,Sep-12,with family,4,5,4,3,3,4
Ravine Hotel Satara,4,8/30/2012,Aug-12,NA,4,5,NA,4,4,4
Ravine Hotel Satara,3,8/24/2012,Jul-12,with family,3,5,2,3,3,1
Ravine Hotel Satara,3,8/21/2012,Aug-12,as a couple,2,5,4,4,3,2
Ravine Hotel Satara,5,8/20/2012,Aug-12,with family,5,5,4,4,3,4
Ravine Hotel Satara,5,08-06-2012,Aug-12,as a couple,4,5,5,4,5,5
Ravine Hotel Satara,4,7/26/2012,Jul-12,with family,5,5,4,4,4,3
Ravine Hotel Satara,4,7/25/2012,Sep-11,with friends,3,5,5,5,3,2
Ravine Hotel Satara,5,7/23/2012,Dec-11,with family,5,5,5,5,5,5
Ravine Hotel Satara,1,7/20/2012,Aug-11,with family,1,5,1,1,1,1
Ravine Hotel Satara,2,7/13/2012,Apr-12,with family,1,4,2,3,2,1
Ravine Hotel Satara,4,07-11-2012,Jul-12,as a couple,4,5,4,4,3,4
Ravine Hotel Satara,5,07-06-2012,Mar-12,with family,5,5,5,5,5,5
Ravine Hotel Satara,4,6/27/2012,Aug-11,with friends,4,5,4,5,5,5
Ravine Hotel Satara,5,6/27/2012,May-12,with family,5,4,5,5,5,4
Ravine Hotel Satara,4,6/15/2012,Jun-12,NA,3,4,NA,4,4,3
Ravine Hotel Satara,3,06-11-2012,Jun-12,with family,4,5,3,4,4,3
Ravine Hotel Satara,3,06-11-2012,Aug-11,as a couple,3,5,4,4,4,3
Ravine Hotel Satara,5,06-11-2012,May-12,with family,5,5,5,5,4,5
Ravine Hotel Satara,4,06-05-2012,Jun-12,with family,5,5,3,4,4,4
Ravine Hotel Satara,3,5/25/2012,Feb-12,as a couple,2,5,5,5,2,1
Ravine Hotel Satara,3,5/25/2012,May-12,with family,2,4,1,2,1,3
Ravine Hotel Satara,5,5/24/2012,May-12,with family,4,5,5,5,5,4
Ravine Hotel Satara,3,5/24/2012,Mar-12,with family,3,5,3,3,2,1
Ravine Hotel Satara,4,5/19/2012,May-12,with family,3,5,3,4,4,2
Ravine Hotel Satara,3,5/18/2012,May-12,with family,3,3,3,3,3,2
Ravine Hotel Satara,4,5/15/2012,May-12,with family,4,5,4,4,4,5
Ravine Hotel Satara,4,5/15/2012,Apr-12,with family,4,5,4,3,4,3
Ravine Hotel Satara,5,05-02-2012,Apr-12,with family,4,4,4,4,4,4
Ravine Hotel Satara,4,4/30/2012,Apr-12,with family,4,5,4,4,4,4
Ravine Hotel Satara,4,4/19/2012,May-11,with friends,4,5,5,4,4,4
Ravine Hotel Satara,5,4/17/2012,Apr-12,with family,5,5,5,5,5,5
Ravine Hotel Satara,4,4/16/2012,Apr-12,as a couple,4,5,3,5,5,5
Ravine Hotel Satara,5,04-04-2012,Mar-12,with friends,5,5,5,5,5,5
Ravine Hotel Satara,5,04-03-2012,Mar-12,with friends,5,5,5,5,5,5
Ravine Hotel Satara,1,3/27/2012,Mar-12,with family,NA,NA,NA,NA,NA,NA
Ravine Hotel Satara,5,3/14/2012,Mar-12,as a couple,4,5,4,4,4,5
Ravine Hotel Satara,5,2/29/2012,Feb-12,NA,5,5,NA,5,5,5
Ravine Hotel Satara,5,02-12-2012,Feb-12,as a couple,3,5,5,4,5,3
Ravine Hotel Satara,3,02-08-2012,Feb-12,as a couple,3,4,4,4,3,4
Ravine Hotel Satara,3,1/20/2012,Feb-11,with family,4,4,4,4,4,2
Ravine Hotel Satara,3,01-11-2012,Feb-11,as a couple,3,5,3,3,3,3
Ravine Hotel Satara,3,01-06-2012,Dec-11,as a couple,5,5,4,4,3,2
Ravine Hotel Satara,4,01-02-2012,Jun-11,as a couple,4,4,4,4,4,4
Ravine Hotel Satara,1,12/31/2011,Dec-11,with family,1,5,1,1,1,1
Ravine Hotel Satara,2,12/31/2011,Dec-11,with family,2,5,4,3,3,1
Ravine Hotel Satara,4,12/19/2011,Jan-11,with family,3,5,4,4,4,3
Ravine Hotel Satara,5,12/16/2011,Aug-11,as a couple,4,5,5,5,5,4
Ravine Hotel Satara,5,12/14/2011,Jan-11,with friends,5,5,4,5,5,5
Ravine Hotel Satara,4,12-06-2011,Nov-11,with family,4,5,4,5,4,3
Ravine Hotel Satara,4,11/27/2011,Feb-11,as a couple,3,4,4,3,4,3
Ravine Hotel Satara,4,11/22/2011,Feb-11,with family,4,5,4,4,3,3
Ravine Hotel Satara,4,11/21/2011,Nov-11,with family,4,5,5,5,4,3
Ravine Hotel Satara,3,11/13/2011,Nov-11,with family,3,4,4,3,3,3
Ravine Hotel Satara,3,11-04-2011,Jun-11,with family,2,5,2,2,2,2
Ravine Hotel Satara,5,11-02-2011,Oct-11,with family,5,5,3,4,4,4
Ravine Hotel Satara,5,10/18/2011,Oct-11,as a couple,5,5,5,4,5,4
Ravine Hotel Satara,4,9/14/2011,Sep-11,with family,4,5,NA,4,NA,3
Ravine Hotel Satara,4,9/13/2011,Jun-11,with friends,4,4,NA,4,NA,4
Ravine Hotel Satara,3,09-09-2011,Jun-11,with family,3,NA,2,NA,2,2
Ravine Hotel Satara,4,8/20/2011,Aug-11,with family,3,NA,4,NA,2,4
Ravine Hotel Satara,4,7/27/2011,Jul-11,solo,3,NA,4,NA,4,4
Ravine Hotel Satara,5,7/26/2011,Jul-11,as a couple,5,NA,5,NA,5,4
Ravine Hotel Satara,4,7/24/2011,Jun-11,with family,4,NA,4,NA,4,3
Ravine Hotel Satara,1,07-08-2011,Jul-11,with family,2,NA,1,NA,2,1
Ravine Hotel Satara,3,07-06-2011,May-11,as a couple,3,NA,2,NA,3,3
Ravine Hotel Satara,4,07-04-2011,Jun-11,as a couple,3,NA,5,NA,4,4
Ravine Hotel Satara,4,07-01-2011,Mar-11,with family,3,NA,4,NA,4,4
Ravine Hotel Satara,3,6/27/2011,Jun-11,as a couple,3,NA,5,NA,4,3
Ravine Hotel Satara,4,6/16/2011,Jun-11,as a couple,3,NA,4,NA,4,4
Ravine Hotel Satara,2,06-03-2011,Mar-11,as a couple,3,NA,3,NA,2,2
Ravine Hotel Satara,3,5/25/2011,Sep-10,with family,3,5,1,4,4,2
Ravine Hotel Satara,3,5/19/2011,Feb-11,as a couple,2,3,2,3,3,2
Ravine Hotel Satara,4,4/26/2011,Apr-11,with family,3,5,5,4,5,3
Ravine Hotel Satara,1,4/25/2011,Apr-11,with family,1,5,1,3,4,1
Ravine Hotel Satara,2,04-07-2011,Mar-11,as a couple,2,5,1,2,2,1
Ravine Hotel Satara,4,3/21/2011,Mar-11,as a couple,3,5,4,4,4,4
Ravine Hotel Satara,5,03-10-2011,Dec-10,as a couple,4,5,4,5,5,5
Ravine Hotel Satara,4,2/25/2011,Dec-10,as a couple,5,5,4,4,4,4
Ravine Hotel Satara,3,02-07-2011,Feb-11,with family,NA,NA,NA,NA,NA,NA
Ravine Hotel Satara,1,1/18/2011,Oct-10,with friends,1,4,2,2,1,1
Ravine Hotel Satara,2,01-12-2011,Jan-11,as a couple,1,4,2,1,2,1
Ravine Hotel Satara,1,12/19/2010,Nov-10,with family,1,3,3,3,1,1
Ravine Hotel Satara,4,12/14/2010,Dec-10,with family,4,5,4,4,4,3
Ravine Hotel Satara,1,12/13/2010,Dec-10,with family,1,5,1,2,2,1
Ravine Hotel Satara,5,12-09-2010,Nov-10,with family,5,5,5,5,5,5
Ravine Hotel Satara,4,11/27/2010,Aug-10,as a couple,3,5,4,5,5,3
Ravine Hotel Satara,4,11-05-2010,Jan-10,with family,4,3,4,4,4,3
Ravine Hotel Satara,5,9/27/2010,Sep-10,as a couple,4,5,4,4,5,5
Ravine Hotel Satara,3,9/18/2010,Sep-10,with family,3,5,2,3,4,2
Ravine Hotel Satara,3,7/30/2010,Jul-10,as a couple,3,5,1,4,3,4
Ravine Hotel Satara,4,6/22/2010,Jun-10,with family,4,4,4,3,4,3
Ravine Hotel Satara,4,06-08-2010,Jun-09,as a couple,4,4,3,3,4,3
Ravine Hotel Satara,5,4/24/2010,Apr-10,as a couple,5,5,5,5,3,4
Ravine Hotel Satara,4,3/31/2010,Mar-10,with family,4,5,5,4,3,3
Ravine Hotel Satara,3,3/24/2010,Jul-09,on business,4,4,3,3,3,4
Ravine Hotel Satara,5,3/15/2010,Jul-07,as a couple,5,5,5,5,5,5
Ravine Hotel Satara,4,2/25/2010,Feb-10,with family,4,5,NA,4,4,2
Ravine Hotel Satara,5,01-10-2010,Dec-09,with friends,NA,NA,NA,NA,NA,NA
Ravine Hotel Satara,4,01-01-2010,Dec-09,with family,3,5,NA,4,4,4
Ravine Hotel Satara,4,12-06-2009,Feb-08,on business,5,3,NA,3,5,4
Ravine Hotel Satara,4,12-03-2009,May-06,NA,NA,NA,NA,NA,NA,NA
Ravine Hotel Satara,4,11/20/2009,Oct-09,with friends,4,5,NA,5,4,4
Ravine Hotel Satara,5,07-12-2009,Jun-09,with friends,5,5,NA,5,5,5
Ravine Hotel Satara,3,07-07-2009,Jul-09,with family,4,5,NA,3,3,3
Ravine Hotel Satara,5,06-01-2009,Mar-09,NA,3,5,NA,5,5,3
Ravine Hotel Satara,1,5/21/2009,May-09,with family,1,3,NA,2,3,1
Ravine Hotel Satara,4,5/16/2009,Jan-09,with family,4,3,NA,4,4,4
Ravine Hotel Satara,4,05-08-2009,Jun-07,with family,4,4,NA,4,3,3
Ravine Hotel Satara,1,05-04-2009,May-09,with family,1,2,NA,1,1,1
Ravine Hotel Satara,3,4/21/2009,Jun-06,with friends,3,3,NA,2,2,4
Ravine Hotel Satara,1,4/14/2009,Apr-09,with family,1,4,NA,1,1,2
Ravine Hotel Satara,5,03-07-2009,Jun-08,solo,5,5,NA,5,5,5
Ravine Hotel Satara,1,1/30/2009,Jan-09,with family,1,1,NA,1,1,1
Ravine Hotel Satara,4,1/28/2009,NA,NA,NA,NA,NA,NA,NA,NA
Ravine Hotel Satara,1,9/18/2008,Sep-08,NA,NA,NA,NA,NA,NA,NA
Ravine Hotel Satara,1,2/22/2007,Feb-07,with family,1,3,NA,1,2,1
Ravine Hotel Satara,5,09-12-2006,Jan-06,as a couple,4,5,NA,5,4,5
Ravine Hotel Satara,5,1/15/2006,Dec-05,NA,NA,NA,NA,4,4,2
Ravine Hotel Satara,5,02-03-2005,NA,NA,NA,NA,NA,NA,NA,NA
RTDC Hotel Vinayak Ranthambore_National_Park,5,10/30/2014,Oct-14,with family,4,NA,4,NA,NA,5
RTDC Hotel Vinayak Ranthambore_National_Park,4,10/26/2014,Oct-14,with family,NA,NA,4,NA,4,4
RTDC Hotel Vinayak Ranthambore_National_Park,4,10/26/2014,Oct-14,NA,3,5,NA,3,3,5
RTDC Hotel Vinayak Ranthambore_National_Park,3,10-09-2014,Oct-14,as a couple,NA,3,4,NA,NA,3
RTDC Hotel Vinayak Ranthambore_National_Park,4,09-06-2014,May-14,with friends,NA,NA,NA,NA,NA,NA
RTDC Hotel Vinayak Ranthambore_National_Park,4,8/26/2014,Jun-14,with family,4,NA,NA,4,NA,5
RTDC Hotel Vinayak Ranthambore_National_Park,4,6/29/2014,Jun-14,with friends,4,5,4,4,4,4
RTDC Hotel Vinayak Ranthambore_National_Park,4,6/28/2014,Jun-14,with family,4,5,5,4,4,5
RTDC Hotel Vinayak Ranthambore_National_Park,4,6/23/2014,May-14,as a couple,5,5,5,4,4,4
RTDC Hotel Vinayak Ranthambore_National_Park,4,6/17/2014,Jan-14,with family,4,4,4,4,4,4
RTDC Hotel Vinayak Ranthambore_National_Park,3,5/28/2014,Apr-14,as a couple,4,3,3,3,3,2
RTDC Hotel Vinayak Ranthambore_National_Park,4,05-11-2014,May-14,as a couple,5,4,5,4,5,5
RTDC Hotel Vinayak Ranthambore_National_Park,4,4/29/2014,Apr-14,with friends,5,3,4,3,5,5
RTDC Hotel Vinayak Ranthambore_National_Park,4,4/17/2014,Apr-14,as a couple,NA,NA,NA,NA,NA,NA
RTDC Hotel Vinayak Ranthambore_National_Park,4,4/15/2014,Apr-14,with family,5,5,4,5,4,5
RTDC Hotel Vinayak Ranthambore_National_Park,4,04-11-2014,Apr-14,solo,5,4,4,3,4,3
RTDC Hotel Vinayak Ranthambore_National_Park,4,04-05-2014,Apr-14,with family,4,4,3,4,4,4
RTDC Hotel Vinayak Ranthambore_National_Park,3,04-03-2014,Jan-14,with friends,4,3,2,3,3,3
RTDC Hotel Vinayak Ranthambore_National_Park,4,2/27/2014,Feb-14,with family,4,5,5,5,5,4
RTDC Hotel Vinayak Ranthambore_National_Park,4,02-11-2014,Jan-14,with friends,4,5,4,4,3,5
RTDC Hotel Vinayak Ranthambore_National_Park,5,1/30/2014,Jan-14,with friends,5,4,5,4,4,5
RTDC Hotel Vinayak Ranthambore_National_Park,3,1/28/2014,Jan-14,with family,4,4,4,3,4,5
RTDC Hotel Vinayak Ranthambore_National_Park,3,1/18/2014,Nov-13,as a couple,4,3,3,3,2,3
RTDC Hotel Vinayak Ranthambore_National_Park,4,01-10-2014,Dec-13,with family,4,4,3,4,3,3
RTDC Hotel Vinayak Ranthambore_National_Park,4,01-05-2014,Jan-14,with family,5,5,3,4,4,5
RTDC Hotel Vinayak Ranthambore_National_Park,4,12/26/2013,Dec-13,as a couple,4,4,3,3,NA,4
RTDC Hotel Vinayak Ranthambore_National_Park,5,12/21/2013,Dec-13,as a couple,5,5,4,4,4,4
RTDC Hotel Vinayak Ranthambore_National_Park,3,12/17/2013,Nov-13,with family,3,1,3,3,3,3
RTDC Hotel Vinayak Ranthambore_National_Park,3,12-12-2013,Nov-13,with family,3,4,3,3,5,3
RTDC Hotel Vinayak Ranthambore_National_Park,1,11/13/2013,Nov-13,with family,1,5,3,1,5,4
RTDC Hotel Vinayak Ranthambore_National_Park,4,10/30/2013,Jan-13,with family,4,5,4,3,3,3
RTDC Hotel Vinayak Ranthambore_National_Park,4,10/17/2013,Oct-13,with family,4,5,4,5,5,4
RTDC Hotel Vinayak Ranthambore_National_Park,3,10/15/2013,Oct-13,with family,4,4,3,2,2,2
RTDC Hotel Vinayak Ranthambore_National_Park,2,10-09-2013,Oct-13,with family,2,4,1,2,2,3
RTDC Hotel Vinayak Ranthambore_National_Park,4,8/17/2013,Nov-12,with family,4,5,4,4,4,4
RTDC Hotel Vinayak Ranthambore_National_Park,4,07-08-2013,Oct-12,with family,5,5,4,4,4,4
RTDC Hotel Vinayak Ranthambore_National_Park,4,07-06-2013,Jun-13,as a couple,4,5,4,3,3,4
RTDC Hotel Vinayak Ranthambore_National_Park,4,6/16/2013,Jun-13,as a couple,5,5,5,4,5,5
RTDC Hotel Vinayak Ranthambore_National_Park,5,06-03-2013,Dec-12,with friends,5,5,5,5,5,5
RTDC Hotel Vinayak Ranthambore_National_Park,1,5/25/2013,May-13,with friends,1,5,4,4,4,1
RTDC Hotel Vinayak Ranthambore_National_Park,4,04-09-2013,Apr-13,with family,5,4,4,4,4,4
RTDC Hotel Vinayak Ranthambore_National_Park,4,04-01-2013,Mar-13,with family,4,4,4,3,3,5
RTDC Hotel Vinayak Ranthambore_National_Park,5,3/21/2013,Sep-12,with friends,5,5,4,5,4,4
RTDC Hotel Vinayak Ranthambore_National_Park,4,03-06-2013,Feb-13,as a couple,4,5,3,4,4,4
RTDC Hotel Vinayak Ranthambore_National_Park,4,1/26/2013,Nov-12,as a couple,5,3,3,3,3,4
RTDC Hotel Vinayak Ranthambore_National_Park,4,1/19/2013,Dec-12,with family,4,4,3,3,4,4
RTDC Hotel Vinayak Ranthambore_National_Park,4,01-10-2013,Jan-13,as a couple,4,5,4,3,4,4
RTDC Hotel Vinayak Ranthambore_National_Park,4,01-09-2013,Dec-12,with family,4,4,4,4,4,4
RTDC Hotel Vinayak Ranthambore_National_Park,1,01-08-2013,Dec-12,with family,2,3,1,1,1,3
RTDC Hotel Vinayak Ranthambore_National_Park,4,01-06-2013,Jan-13,with family,5,5,4,4,4,5
RTDC Hotel Vinayak Ranthambore_National_Park,3,12/13/2012,Dec-12,solo,4,5,4,3,4,3
RTDC Hotel Vinayak Ranthambore_National_Park,2,11/21/2012,Nov-12,with family,2,3,2,3,3,3
RTDC Hotel Vinayak Ranthambore_National_Park,4,9/26/2012,Apr-12,with family,5,5,4,4,4,4
RTDC Hotel Vinayak Ranthambore_National_Park,5,8/30/2012,Dec-11,with family,4,5,5,5,5,3
RTDC Hotel Vinayak Ranthambore_National_Park,1,7/30/2012,Jun-12,as a couple,1,3,2,2,2,1
RTDC Hotel Vinayak Ranthambore_National_Park,4,06-06-2012,May-12,on business,4,5,4,4,4,3
RTDC Hotel Vinayak Ranthambore_National_Park,4,4/18/2012,Apr-12,with family,5,4,4,4,4,5
RTDC Hotel Vinayak Ranthambore_National_Park,3,03-06-2012,Mar-12,with friends,4,5,4,4,4,3
RTDC Hotel Vinayak Ranthambore_National_Park,4,03-01-2012,Feb-12,with friends,5,4,4,3,3,3
RTDC Hotel Vinayak Ranthambore_National_Park,3,2/24/2012,Feb-12,with family,5,4,2,2,3,4
RTDC Hotel Vinayak Ranthambore_National_Park,5,1/14/2012,Feb-11,with family,5,5,5,5,5,5
RTDC Hotel Vinayak Ranthambore_National_Park,4,01-07-2012,Dec-11,as a couple,5,5,3,4,4,5
RTDC Hotel Vinayak Ranthambore_National_Park,4,11/26/2011,Nov-11,NA,4,3,NA,4,4,4
RTDC Hotel Vinayak Ranthambore_National_Park,3,11/13/2011,Nov-11,with family,3,4,3,3,3,3
RTDC Hotel Vinayak Ranthambore_National_Park,4,10/23/2011,Oct-11,as a couple,4,5,3,3,3,5
RTDC Hotel Vinayak Ranthambore_National_Park,4,10/20/2011,Sep-11,with family,5,5,4,5,4,4
RTDC Hotel Vinayak Ranthambore_National_Park,4,10-09-2011,Oct-11,with family,3,4,3,3,4,3
RTDC Hotel Vinayak Ranthambore_National_Park,5,8/27/2011,Jun-11,solo,5,NA,4,NA,4,5
RTDC Hotel Vinayak Ranthambore_National_Park,4,7/18/2011,May-11,with family,4,NA,4,NA,5,5
RTDC Hotel Vinayak Ranthambore_National_Park,4,7/18/2011,Jun-11,with friends,5,NA,5,NA,4,4
RTDC Hotel Vinayak Ranthambore_National_Park,4,07-10-2011,May-11,with friends,4,NA,4,NA,3,4
RTDC Hotel Vinayak Ranthambore_National_Park,3,06-10-2011,May-11,with family,NA,NA,2,NA,NA,3
RTDC Hotel Vinayak Ranthambore_National_Park,3,06-03-2011,May-11,with friends,1,NA,1,NA,1,1
RTDC Hotel Vinayak Ranthambore_National_Park,4,03-12-2011,Feb-11,with family,5,5,3,3,3,4
RTDC Hotel Vinayak Ranthambore_National_Park,3,12/23/2010,Dec-10,with family,4,4,4,3,3,3
RTDC Hotel Vinayak Ranthambore_National_Park,4,12-07-2010,Dec-10,with family,5,5,3,4,4,3
RTDC Hotel Vinayak Ranthambore_National_Park,1,11/22/2010,Oct-10,NA,1,4,1,1,2,3
RTDC Hotel Vinayak Ranthambore_National_Park,3,11/18/2010,Nov-10,as a couple,5,4,3,3,4,5
RTDC Hotel Vinayak Ranthambore_National_Park,4,10/28/2010,Sep-10,as a couple,5,5,5,5,4,5
RTDC Hotel Vinayak Ranthambore_National_Park,3,06-11-2010,Dec-08,as a couple,4,4,3,3,3,2
RTDC Hotel Vinayak Ranthambore_National_Park,5,04-10-2010,Mar-10,NA,5,5,4,5,5,4
RTDC Hotel Vinayak Ranthambore_National_Park,3,04-05-2010,Feb-10,as a couple,4,3,3,3,3,3
RTDC Hotel Vinayak Ranthambore_National_Park,4,3/18/2010,Sep-07,with friends,4,4,3,3,2,2
RTDC Hotel Vinayak Ranthambore_National_Park,3,12/14/2009,Dec-09,as a couple,4,4,NA,4,4,3
Sneha Hotel & Resort Dhenkanal,4,10/19/2013,Jun-13,NA,5,4,NA,4,5,5
Sneha Hotel & Resort Dhenkanal,4,9/14/2013,Sep-13,on business,5,5,4,5,5,5
Sneha Hotel & Resort Dhenkanal,5,6/20/2013,Jun-13,with family,5,4,4,5,4,5
Sneha Hotel & Resort Dhenkanal,5,02-08-2013,Jan-13,with family,4,4,4,4,5,5
Sneha Hotel & Resort Dhenkanal,5,12/19/2012,Nov-12,solo,5,4,NA,5,5,4
Sri Leela Bhavan Hotel Hyderabad,4,3/23/2010,Feb-10,as a couple,NA,NA,NA,NA,NA,NA
Trishul Hotel Tiruvannamalai,3,3/28/2014,Mar-14,solo,3,4,3,3,3,3
Trishul Hotel Tiruvannamalai,5,03-08-2014,Oct-13,with family,5,5,5,5,5,5
Trishul Hotel Tiruvannamalai,4,1/16/2014,Jan-14,as a couple,4,4,4,4,4,4
Trishul Hotel Tiruvannamalai,4,09-05-2013,Feb-13,as a couple,3,5,4,4,4,4
Urumbi Hill Palace Plantation Resort Idukki,4,10/18/2013,Oct-13,with family,4,5,4,4,4,4
Urumbi Hill Palace Plantation Resort Idukki,5,8/26/2013,Jul-13,with family,4,5,5,5,5,5
Urumbi Hill Palace Plantation Resort Idukki,5,10/28/2009,Oct-09,on business,5,5,NA,4,5,5
